2026-09-09 16:13:46.083 [main] INFO  uz.poster.integration.PosterIntegrationApplication - Starting PosterIntegrationApplication using Java 21.0.10 with PID 42541 (/home/bobur/Downloads/Poster Integration/Poster-Integration/build/classes/java/main started by bobur in /home/bobur/Downloads/Poster Integration/Poster-Integration)
2026-09-09 16:13:46.085 [main] INFO  uz.poster.integration.PosterIntegrationApplication - The following 1 profile is active: "dev"
2026-09-09 16:13:46.297 [background-preinit] INFO  org.hibernate.validator.internal.util.Version - HV000001: Hibernate Validator 9.1.3.Final
2026-09-09 16:13:46.681 [main] INFO  org.springframework.data.repository.config.RepositoryConfigurationDelegate - Multiple Spring Data modules found, entering strict repository configuration mode
2026-09-09 16:13:46.682 [main] INFO  org.springframework.data.repository.config.RepositoryConfigurationDelegate - Bootstrapping Spring Data JPA repositories in DEFAULT mode.
2026-09-09 16:13:46.765 [main] INFO  org.springframework.data.repository.config.RepositoryConfigurationDelegate - Finished Spring Data repository scanning in 76 ms. Found 3 JPA repository interfaces.
2026-09-09 16:13:46.793 [main] INFO  org.springframework.data.repository.config.RepositoryConfigurationDelegate - Multiple Spring Data modules found, entering strict repository configuration mode
2026-09-09 16:13:46.794 [main] INFO  org.springframework.data.repository.config.RepositoryConfigurationDelegate - Bootstrapping Spring Data Redis repositories in DEFAULT mode.
2026-09-09 16:13:46.804 [main] INFO  org.springframework.data.repository.config.RepositoryConfigurationExtensionSupport - Spring Data Redis - Could not safely identify store assignment for repository candidate interface uz.poster.integration.notification.otp.repository.OtpMessageRepository; If you want this repository to be a Redis repository, consider annotating your entities with one of these annotations: org.springframework.data.redis.core.RedisHash (preferred), or consider extending one of the following types with your repository: org.springframework.data.keyvalue.repository.KeyValueRepository
2026-09-09 16:13:46.804 [main] INFO  org.springframework.data.repository.config.RepositoryConfigurationExtensionSupport - Spring Data Redis - Could not safely identify store assignment for repository candidate interface uz.poster.integration.user.repository.UserRepository; If you want this repository to be a Redis repository, consider annotating your entities with one of these annotations: org.springframework.data.redis.core.RedisHash (preferred), or consider extending one of the following types with your repository: org.springframework.data.keyvalue.repository.KeyValueRepository
2026-09-09 16:13:46.804 [main] INFO  org.springframework.data.repository.config.RepositoryConfigurationExtensionSupport - Spring Data Redis - Could not safely identify store assignment for repository candidate interface uz.poster.integration.user.repository.UserSessionRepository; If you want this repository to be a Redis repository, consider annotating your entities with one of these annotations: org.springframework.data.redis.core.RedisHash (preferred), or consider extending one of the following types with your repository: org.springframework.data.keyvalue.repository.KeyValueRepository
2026-09-09 16:13:46.804 [main] INFO  org.springframework.data.repository.config.RepositoryConfigurationDelegate - Finished Spring Data repository scanning in 4 ms. Found 0 Redis repository interfaces.
2026-09-09 16:13:47.197 [main] INFO  org.springframework.boot.tomcat.TomcatWebServer - Tomcat initialized with port 8080 (http)
2026-09-09 16:13:47.204 [main] INFO  org.apache.coyote.http11.Http11NioProtocol - Initializing ProtocolHandler ["http-nio-8080"]
2026-09-09 16:13:47.204 [main] INFO  org.apache.catalina.core.StandardService - Starting service [Tomcat]
2026-09-09 16:13:47.205 [main] INFO  org.apache.catalina.core.StandardEngine - Starting Servlet engine: [Apache Tomcat/11.0.24]
2026-09-09 16:13:47.229 [main] INFO  org.springframework.boot.web.context.servlet.WebApplicationContextInitializer - Root WebApplicationContext: initialization completed in 1112 ms
2026-09-09 16:13:47.368 [main] INFO  org.hibernate.orm.jpa - HHH008540: Processing PersistenceUnitInfo [name: default]
2026-09-09 16:13:47.407 [main] INFO  org.hibernate.orm.core - HHH000001: Hibernate ORM core version 7.4.5.Final
2026-09-09 16:13:47.666 [main] INFO  org.springframework.orm.jpa.persistenceunit.SpringPersistenceUnitInfo - No LoadTimeWeaver setup: ignoring JPA class transformer
2026-09-09 16:13:47.686 [main] WARN  com.zaxxer.hikari.HikariConfig - HikariPool-1 - keepaliveTime is greater than or equal to maxLifetime, disabling it.
2026-09-09 16:13:47.686 [main] WARN  com.zaxxer.hikari.HikariConfig - HikariPool-1 - leakDetectionThreshold is less than 2000ms or more than maxLifetime, disabling it.
2026-09-09 16:13:47.686 [main] INFO  com.zaxxer.hikari.HikariDataSource - HikariPool-1 - Starting...
2026-09-09 16:13:47.906 [main] INFO  com.zaxxer.hikari.pool.HikariPool - HikariPool-1 - Added connection org.postgresql.jdbc.PgConnection@1ec09a68
2026-09-09 16:13:47.907 [main] INFO  com.zaxxer.hikari.HikariDataSource - HikariPool-1 - Start completed.
2026-09-09 16:13:47.986 [main] INFO  org.hibernate.orm.connections.pooling - HHH10001005: Database info:
	Database JDBC URL [jdbc:postgresql://localhost:5432/poster_db]
	Database driver: PostgreSQL JDBC Driver
	Database dialect: PostgreSQLDialect
	Database version: 16.15
	Default catalog/schema: poster_db/public
	Autocommit mode: undefined/unknown
	Isolation level: READ_COMMITTED [default READ_COMMITTED]
	JDBC fetch size: none
	Pool: DataSourceConnectionProvider
	Minimum pool size: undefined/unknown
	Maximum pool size: undefined/unknown
2026-09-09 16:13:48.677 [main] INFO  org.hibernate.orm.core - HHH000489: No JTA platform available (set 'hibernate.transaction.jta.platform' to enable JTA platform integration)
2026-09-09 16:13:48.687 [main] DEBUG org.hibernate.SQL - set client_min_messages = WARNING
2026-09-09 16:13:48.688 [main] DEBUG org.hibernate.SQL - alter table if exists category_visibility drop constraint if exists FKqh2owbaekr3dna3b78qiuqb5k
2026-09-09 16:13:48.699 [main] DEBUG org.hibernate.SQL - alter table if exists category_visibility drop constraint if exists FKnoautb48w57jipfx5ff24xpdw
2026-09-09 16:13:48.701 [main] DEBUG org.hibernate.SQL - alter table if exists order_items drop constraint if exists FKbioxgbv59vetrxe0ejfubep1w
2026-09-09 16:13:48.703 [main] DEBUG org.hibernate.SQL - alter table if exists order_items drop constraint if exists FKocimc7dtr037rh4ls4l95nlfi
2026-09-09 16:13:48.705 [main] DEBUG org.hibernate.SQL - alter table if exists orders drop constraint if exists FKpwljf1we83ccgjt8ojabx7e41
2026-09-09 16:13:48.707 [main] DEBUG org.hibernate.SQL - alter table if exists orders drop constraint if exists FK20v9pq3hbg7vsicbwjfpbo5qb
2026-09-09 16:13:48.708 [main] DEBUG org.hibernate.SQL - alter table if exists product_spots drop constraint if exists FKq5k825lvv340w6thniw07lq9u
2026-09-09 16:13:48.709 [main] DEBUG org.hibernate.SQL - alter table if exists product_spots drop constraint if exists FK6rjnavsipbogdl4b61ownv2id
2026-09-09 16:13:48.711 [main] DEBUG org.hibernate.SQL - alter table if exists user_session drop constraint if exists FKlr29o11uswdgcnn8swu3q15f8
2026-09-09 16:13:48.712 [main] DEBUG org.hibernate.SQL - drop table if exists categories cascade
2026-09-09 16:13:48.721 [main] DEBUG org.hibernate.SQL - drop table if exists category_visibility cascade
2026-09-09 16:13:48.723 [main] DEBUG org.hibernate.SQL - drop table if exists order_items cascade
2026-09-09 16:13:48.725 [main] DEBUG org.hibernate.SQL - drop table if exists orders cascade
2026-09-09 16:13:48.727 [main] DEBUG org.hibernate.SQL - drop table if exists otp_message cascade
2026-09-09 16:13:48.728 [main] DEBUG org.hibernate.SQL - drop table if exists product_spots cascade
2026-09-09 16:13:48.730 [main] DEBUG org.hibernate.SQL - drop table if exists products cascade
2026-09-09 16:13:48.732 [main] DEBUG org.hibernate.SQL - drop table if exists spots cascade
2026-09-09 16:13:48.733 [main] DEBUG org.hibernate.SQL - drop table if exists user_session cascade
2026-09-09 16:13:48.735 [main] DEBUG org.hibernate.SQL - drop table if exists users cascade
2026-09-09 16:13:48.740 [main] DEBUG org.hibernate.SQL - create table categories (fiscal boolean, hidden boolean, left_position integer, level integer, no_discount boolean, right_position integer, sort_order integer, "createdAt" timestamp(3) not null, master_id bigint, parent_category bigint, poster_category_id bigint not null, tax_id bigint, "updatedAt" timestamp(3) not null, category_tag varchar(255), color varchar(255), "id" text not null, id1c varchar(255), name varchar(255) not null, photo varchar(255), photo_origin varchar(255), primary key ("id"), constraint uk_category_poster unique (poster_category_id))
2026-09-09 16:13:48.750 [main] DEBUG org.hibernate.SQL - create table category_visibility (visible boolean not null, "createdAt" timestamp(3) not null, "updatedAt" timestamp(3) not null, category_id text not null, "id" text not null, spot_id text not null, primary key ("id"), constraint uk_category_visibility_category_spot unique (category_id, spot_id))
2026-09-09 16:13:48.755 [main] DEBUG org.hibernate.SQL - create table order_items (bonus_accrual numeric(38,2), bonus_sum numeric(38,2), cert_sum numeric(38,2), discount numeric(38,2), payed_sum numeric(38,2), price_snapshot numeric(38,2) not null, print_fiscal boolean, product_cost numeric(38,2), product_cost_netto numeric(38,2), product_profit numeric(38,2), product_profit_netto numeric(38,2), product_sum numeric(38,2), quantity numeric(38,2) not null, round_sum numeric(38,2), tax_fiscal numeric(38,2), tax_sum numeric(38,2), tax_type integer, tax_value numeric(38,2), type integer, "createdAt" timestamp(3) not null, fiscal_company_id bigint, tax_id bigint, "updatedAt" timestamp(3) not null, workshop_id bigint, "id" text not null, order_id text not null, product_id text, product_name_snapshot varchar(255) not null, primary key ("id"))
2026-09-09 16:13:48.759 [main] DEBUG org.hibernate.SQL - create table orders (auto_accept boolean, bonus numeric(38,2), discount numeric(38,2), pay_type integer, payed_bonus numeric(38,2), payed_card numeric(38,2), payed_card_type integer, payed_cash numeric(38,2), payed_cert numeric(38,2), payed_sum numeric(38,2), payed_third_party numeric(38,2), print_fiscal boolean, reason integer, round_sum numeric(38,2), sum numeric(38,2), sync_attempts integer not null, tip_sum numeric(38,2), tips_card numeric(38,2), tips_cash numeric(38,2), total_profit numeric(38,2), total_profit_netto numeric(38,2), application_id bigint, "createdAt" timestamp(3) not null, date_close timestamp(6), poster_client_id bigint, poster_incoming_order_id bigint not null, poster_transaction_id bigint, table_id bigint, "updatedAt" timestamp(3) not null, app_user_id text not null, comment varchar(255), "id" text not null, idempotency_key varchar(255) not null, last_sync_error varchar(255), spot_id text not null, status varchar(255) not null check ((status in ('PENDING_SYNC','NEW','ACCEPTED','CANCELLED','FAILED'))), primary key ("id"), constraint uk_orders_idempotency_key unique (idempotency_key), constraint uk_orders_poster_incoming_order_id unique (poster_incoming_order_id), constraint uk_orders_poster_transaction_id unique (poster_transaction_id))
2026-09-09 16:13:48.769 [main] DEBUG org.hibernate.SQL - create table otp_message ("createdAt" timestamp(3) not null, "updatedAt" timestamp(3) not null, channel varchar(255), description varchar(255), "id" text not null, message_id varchar(255), phone varchar(255), platform varchar(255), status varchar(255), status_date varchar(255), primary key ("id"), constraint users_message_id_key unique (message_id))
2026-09-09 16:13:48.774 [main] DEBUG org.hibernate.SQL - create table product_spots (price numeric(38,2) not null, profit numeric(38,2), profit_netto numeric(38,2), visible boolean, "createdAt" timestamp(3) not null, "updatedAt" timestamp(3) not null, "id" text not null, product_id text not null, spot_id text not null, primary key ("id"), constraint uk_product_spots_product_spot unique (product_id, spot_id))
2026-09-09 16:13:48.779 [main] DEBUG org.hibernate.SQL - create table products (cost numeric(38,2), cost_netto numeric(38,2), different_spots_prices boolean, fiscal boolean, hidden boolean, no_discount boolean, sort_order integer, type integer, weight_flag boolean, workshop integer, "createdAt" timestamp(3) not null, ingredient_id bigint, master_id bigint, menu_category_id bigint, poster_product_id bigint not null, product_tax_id bigint, tax_id bigint, "updatedAt" timestamp(3) not null, barcode varchar(255), color varchar(255), "id" text not null, name varchar(255), photo varchar(255), photo_origin varchar(255), product_code varchar(255), unit varchar(255), primary key ("id"), constraint uk_product_poster_id unique (poster_product_id))
2026-09-09 16:13:48.784 [main] DEBUG org.hibernate.SQL - create table spots (deleted boolean not null, "createdAt" timestamp(3) not null, poster_spot_id bigint not null, "updatedAt" timestamp(3) not null, address varchar(255), "id" text not null, latitude varchar(255), longitude varchar(255), name varchar(255), primary key ("id"), constraint uk_spots_poster_spot_id unique (poster_spot_id))
2026-09-09 16:13:48.789 [main] DEBUG org.hibernate.SQL - create table user_session ("createdAt" timestamp(3) not null, expires_at timestamp(6) with time zone not null, last_access_at timestamp(6) with time zone, revoked_at timestamp(6) with time zone, "updatedAt" timestamp(3) not null, status varchar(20) not null check ((status in ('ACTIVE','REVOKED','EXPIRED'))), platform varchar(32), ip_address varchar(45), refresh_token_hash varchar(64), device_id varchar(128) not null, device_name varchar(128), user_agent varchar(512), "id" text not null, user_id varchar(255), primary key ("id"), constraint uk_session_user_device unique (user_id, device_id))
2026-09-09 16:13:48.795 [main] DEBUG org.hibernate.SQL - create table users (phone_verified boolean not null, verified boolean not null, banned_at timestamp(3), "createdAt" timestamp(3) not null, "updatedAt" timestamp(3) not null, verified_at timestamp(3), ban_reason text, first_name varchar(255), "id" text not null, last_name varchar(255), phone varchar(255) not null, role varchar(255) not null check ((role in ('USER','ADMIN'))), primary key ("id"), constraint users_phone_key unique (phone))
2026-09-09 16:13:48.801 [main] DEBUG org.hibernate.SQL - create index message_id_idx on otp_message (message_id)
2026-09-09 16:13:48.804 [main] DEBUG org.hibernate.SQL - create index idx_session_user on user_session (user_id)
2026-09-09 16:13:48.807 [main] DEBUG org.hibernate.SQL - create index idx_session_status on user_session (status)
2026-09-09 16:13:48.809 [main] DEBUG org.hibernate.SQL - create index idx_session_expires_at on user_session (expires_at)
2026-09-09 16:13:48.811 [main] DEBUG org.hibernate.SQL - create index users_phoneVerified_idx on users (phone_verified)
2026-09-09 16:13:48.814 [main] DEBUG org.hibernate.SQL - create index users_role_idx on users (role)
2026-09-09 16:13:48.817 [main] DEBUG org.hibernate.SQL - create index users_bannedAt_idx on users (banned_at)
2026-09-09 16:13:48.819 [main] DEBUG org.hibernate.SQL - alter table if exists category_visibility add constraint FKqh2owbaekr3dna3b78qiuqb5k foreign key (category_id) references categories
2026-09-09 16:13:48.823 [main] DEBUG org.hibernate.SQL - alter table if exists category_visibility add constraint FKnoautb48w57jipfx5ff24xpdw foreign key (spot_id) references spots
2026-09-09 16:13:48.825 [main] DEBUG org.hibernate.SQL - alter table if exists order_items add constraint FKbioxgbv59vetrxe0ejfubep1w foreign key (order_id) references orders
2026-09-09 16:13:48.827 [main] DEBUG org.hibernate.SQL - alter table if exists order_items add constraint FKocimc7dtr037rh4ls4l95nlfi foreign key (product_id) references products
2026-09-09 16:13:48.828 [main] DEBUG org.hibernate.SQL - alter table if exists orders add constraint FKpwljf1we83ccgjt8ojabx7e41 foreign key (app_user_id) references users
2026-09-09 16:13:48.830 [main] DEBUG org.hibernate.SQL - alter table if exists orders add constraint FK20v9pq3hbg7vsicbwjfpbo5qb foreign key (spot_id) references spots
2026-09-09 16:13:48.832 [main] DEBUG org.hibernate.SQL - alter table if exists product_spots add constraint FKq5k825lvv340w6thniw07lq9u foreign key (product_id) references products
2026-09-09 16:13:48.833 [main] DEBUG org.hibernate.SQL - alter table if exists product_spots add constraint FK6rjnavsipbogdl4b61ownv2id foreign key (spot_id) references spots
2026-09-09 16:13:48.835 [main] DEBUG org.hibernate.SQL - alter table if exists user_session add constraint FKlr29o11uswdgcnn8swu3q15f8 foreign key (user_id) references users
2026-09-09 16:13:48.837 [main] INFO  org.springframework.orm.jpa.LocalContainerEntityManagerFactoryBean - Initialized JPA EntityManagerFactory for persistence unit 'default'
2026-09-09 16:13:48.886 [main] INFO  org.springframework.data.jpa.repository.query.QueryEnhancerFactories - Hibernate is in classpath; If applicable, HQL parser will be used.
2026-09-09 16:13:49.600 [main] WARN  org.springframework.boot.web.server.servlet.context.AnnotationConfigServletWebServerApplicationContext - Exception encountered during context initialization - cancelling refresh attempt: org.springframework.beans.factory.UnsatisfiedDependencyException: Error creating bean with name 'webhookController' defined in file [/home/bobur/Downloads/Poster Integration/Poster-Integration/build/classes/java/main/uz/poster/integration/poster_client/webhook/controller/WebhookController.class]: Unsatisfied dependency expressed through constructor parameter 1: No qualifying bean of type 'uz.poster.integration.poster_client.service.order.OrderReconciliationService' available: expected at least 1 bean which qualifies as autowire candidate. Dependency annotations: {}
2026-09-09 16:13:49.606 [main] INFO  org.springframework.orm.jpa.LocalContainerEntityManagerFactoryBean - Closing JPA EntityManagerFactory for persistence unit 'default'
2026-09-09 16:13:49.607 [main] INFO  com.zaxxer.hikari.HikariDataSource - HikariPool-1 - Shutdown initiated...
2026-09-09 16:13:49.609 [main] INFO  com.zaxxer.hikari.HikariDataSource - HikariPool-1 - Shutdown completed.
2026-09-09 16:13:49.610 [main] INFO  org.apache.catalina.core.StandardService - Stopping service [Tomcat]
2026-09-09 16:13:49.618 [main] INFO  org.springframework.boot.autoconfigure.logging.ConditionEvaluationReportLogger - 

Error starting ApplicationContext. To display the condition evaluation report re-run your application with 'debug' enabled.
2026-09-09 16:13:49.626 [main] ERROR org.springframework.boot.diagnostics.LoggingFailureAnalysisReporter - 

***************************
APPLICATION FAILED TO START
***************************

Description:

Parameter 1 of constructor in uz.poster.integration.poster_client.webhook.controller.WebhookController required a bean of type 'uz.poster.integration.poster_client.service.order.OrderReconciliationService' that could not be found.


Action:

Consider defining a bean of type 'uz.poster.integration.poster_client.service.order.OrderReconciliationService' in your configuration.

2026-09-09 16:14:37.186 [main] INFO  uz.poster.integration.PosterIntegrationApplication - Starting PosterIntegrationApplication using Java 21.0.10 with PID 42709 (/home/bobur/Downloads/Poster Integration/Poster-Integration/build/classes/java/main started by bobur in /home/bobur/Downloads/Poster Integration/Poster-Integration)
2026-09-09 16:14:37.188 [main] INFO  uz.poster.integration.PosterIntegrationApplication - The following 1 profile is active: "dev"
2026-09-09 16:14:37.376 [background-preinit] INFO  org.hibernate.validator.internal.util.Version - HV000001: Hibernate Validator 9.1.3.Final
2026-09-09 16:14:37.774 [main] INFO  org.springframework.data.repository.config.RepositoryConfigurationDelegate - Multiple Spring Data modules found, entering strict repository configuration mode
2026-09-09 16:14:37.775 [main] INFO  org.springframework.data.repository.config.RepositoryConfigurationDelegate - Bootstrapping Spring Data JPA repositories in DEFAULT mode.
2026-09-09 16:14:37.852 [main] INFO  org.springframework.data.repository.config.RepositoryConfigurationDelegate - Finished Spring Data repository scanning in 72 ms. Found 3 JPA repository interfaces.
2026-09-09 16:14:37.877 [main] INFO  org.springframework.data.repository.config.RepositoryConfigurationDelegate - Multiple Spring Data modules found, entering strict repository configuration mode
2026-09-09 16:14:37.877 [main] INFO  org.springframework.data.repository.config.RepositoryConfigurationDelegate - Bootstrapping Spring Data Redis repositories in DEFAULT mode.
2026-09-09 16:14:37.887 [main] INFO  org.springframework.data.repository.config.RepositoryConfigurationExtensionSupport - Spring Data Redis - Could not safely identify store assignment for repository candidate interface uz.poster.integration.notification.otp.repository.OtpMessageRepository; If you want this repository to be a Redis repository, consider annotating your entities with one of these annotations: org.springframework.data.redis.core.RedisHash (preferred), or consider extending one of the following types with your repository: org.springframework.data.keyvalue.repository.KeyValueRepository
2026-09-09 16:14:37.887 [main] INFO  org.springframework.data.repository.config.RepositoryConfigurationExtensionSupport - Spring Data Redis - Could not safely identify store assignment for repository candidate interface uz.poster.integration.user.repository.UserRepository; If you want this repository to be a Redis repository, consider annotating your entities with one of these annotations: org.springframework.data.redis.core.RedisHash (preferred), or consider extending one of the following types with your repository: org.springframework.data.keyvalue.repository.KeyValueRepository
2026-09-09 16:14:37.887 [main] INFO  org.springframework.data.repository.config.RepositoryConfigurationExtensionSupport - Spring Data Redis - Could not safely identify store assignment for repository candidate interface uz.poster.integration.user.repository.UserSessionRepository; If you want this repository to be a Redis repository, consider annotating your entities with one of these annotations: org.springframework.data.redis.core.RedisHash (preferred), or consider extending one of the following types with your repository: org.springframework.data.keyvalue.repository.KeyValueRepository
2026-09-09 16:14:37.888 [main] INFO  org.springframework.data.repository.config.RepositoryConfigurationDelegate - Finished Spring Data repository scanning in 4 ms. Found 0 Redis repository interfaces.
2026-09-09 16:14:38.277 [main] INFO  org.springframework.boot.tomcat.TomcatWebServer - Tomcat initialized with port 8080 (http)
2026-09-09 16:14:38.284 [main] INFO  org.apache.coyote.http11.Http11NioProtocol - Initializing ProtocolHandler ["http-nio-8080"]
2026-09-09 16:14:38.285 [main] INFO  org.apache.catalina.core.StandardService - Starting service [Tomcat]
2026-09-09 16:14:38.285 [main] INFO  org.apache.catalina.core.StandardEngine - Starting Servlet engine: [Apache Tomcat/11.0.24]
2026-09-09 16:14:38.308 [main] INFO  org.springframework.boot.web.context.servlet.WebApplicationContextInitializer - Root WebApplicationContext: initialization completed in 1094 ms
2026-09-09 16:14:38.442 [main] INFO  org.hibernate.orm.jpa - HHH008540: Processing PersistenceUnitInfo [name: default]
2026-09-09 16:14:38.486 [main] INFO  org.hibernate.orm.core - HHH000001: Hibernate ORM core version 7.4.5.Final
2026-09-09 16:14:38.735 [main] INFO  org.springframework.orm.jpa.persistenceunit.SpringPersistenceUnitInfo - No LoadTimeWeaver setup: ignoring JPA class transformer
2026-09-09 16:14:38.756 [main] WARN  com.zaxxer.hikari.HikariConfig - HikariPool-1 - keepaliveTime is greater than or equal to maxLifetime, disabling it.
2026-09-09 16:14:38.756 [main] WARN  com.zaxxer.hikari.HikariConfig - HikariPool-1 - leakDetectionThreshold is less than 2000ms or more than maxLifetime, disabling it.
2026-09-09 16:14:38.756 [main] INFO  com.zaxxer.hikari.HikariDataSource - HikariPool-1 - Starting...
2026-09-09 16:14:38.965 [main] INFO  com.zaxxer.hikari.pool.HikariPool - HikariPool-1 - Added connection org.postgresql.jdbc.PgConnection@1d0fc0bc
2026-09-09 16:14:38.966 [main] INFO  com.zaxxer.hikari.HikariDataSource - HikariPool-1 - Start completed.
2026-09-09 16:14:39.007 [main] INFO  org.hibernate.orm.connections.pooling - HHH10001005: Database info:
	Database JDBC URL [jdbc:postgresql://localhost:5432/poster_db]
	Database driver: PostgreSQL JDBC Driver
	Database dialect: PostgreSQLDialect
	Database version: 16.15
	Default catalog/schema: poster_db/public
	Autocommit mode: undefined/unknown
	Isolation level: READ_COMMITTED [default READ_COMMITTED]
	JDBC fetch size: none
	Pool: DataSourceConnectionProvider
	Minimum pool size: undefined/unknown
	Maximum pool size: undefined/unknown
2026-09-09 16:14:39.741 [main] INFO  org.hibernate.orm.core - HHH000489: No JTA platform available (set 'hibernate.transaction.jta.platform' to enable JTA platform integration)
2026-09-09 16:14:39.751 [main] DEBUG org.hibernate.SQL - set client_min_messages = WARNING
2026-09-09 16:14:39.752 [main] DEBUG org.hibernate.SQL - alter table if exists category_visibility drop constraint if exists FKqh2owbaekr3dna3b78qiuqb5k
2026-09-09 16:14:39.754 [main] DEBUG org.hibernate.SQL - alter table if exists category_visibility drop constraint if exists FKnoautb48w57jipfx5ff24xpdw
2026-09-09 16:14:39.756 [main] DEBUG org.hibernate.SQL - alter table if exists order_items drop constraint if exists FKbioxgbv59vetrxe0ejfubep1w
2026-09-09 16:14:39.758 [main] DEBUG org.hibernate.SQL - alter table if exists order_items drop constraint if exists FKocimc7dtr037rh4ls4l95nlfi
2026-09-09 16:14:39.760 [main] DEBUG org.hibernate.SQL - alter table if exists orders drop constraint if exists FKpwljf1we83ccgjt8ojabx7e41
2026-09-09 16:14:39.762 [main] DEBUG org.hibernate.SQL - alter table if exists orders drop constraint if exists FK20v9pq3hbg7vsicbwjfpbo5qb
2026-09-09 16:14:39.764 [main] DEBUG org.hibernate.SQL - alter table if exists product_spots drop constraint if exists FKq5k825lvv340w6thniw07lq9u
2026-09-09 16:14:39.765 [main] DEBUG org.hibernate.SQL - alter table if exists product_spots drop constraint if exists FK6rjnavsipbogdl4b61ownv2id
2026-09-09 16:14:39.767 [main] DEBUG org.hibernate.SQL - alter table if exists user_session drop constraint if exists FKlr29o11uswdgcnn8swu3q15f8
2026-09-09 16:14:39.768 [main] DEBUG org.hibernate.SQL - drop table if exists categories cascade
2026-09-09 16:14:39.770 [main] DEBUG org.hibernate.SQL - drop table if exists category_visibility cascade
2026-09-09 16:14:39.771 [main] DEBUG org.hibernate.SQL - drop table if exists order_items cascade
2026-09-09 16:14:39.773 [main] DEBUG org.hibernate.SQL - drop table if exists orders cascade
2026-09-09 16:14:39.775 [main] DEBUG org.hibernate.SQL - drop table if exists otp_message cascade
2026-09-09 16:14:39.777 [main] DEBUG org.hibernate.SQL - drop table if exists product_spots cascade
2026-09-09 16:14:39.778 [main] DEBUG org.hibernate.SQL - drop table if exists products cascade
2026-09-09 16:14:39.780 [main] DEBUG org.hibernate.SQL - drop table if exists spots cascade
2026-09-09 16:14:39.782 [main] DEBUG org.hibernate.SQL - drop table if exists user_session cascade
2026-09-09 16:14:39.784 [main] DEBUG org.hibernate.SQL - drop table if exists users cascade
2026-09-09 16:14:39.788 [main] DEBUG org.hibernate.SQL - create table categories (fiscal boolean, hidden boolean, left_position integer, level integer, no_discount boolean, right_position integer, sort_order integer, "createdAt" timestamp(3) not null, master_id bigint, parent_category bigint, poster_category_id bigint not null, tax_id bigint, "updatedAt" timestamp(3) not null, category_tag varchar(255), color varchar(255), "id" text not null, id1c varchar(255), name varchar(255) not null, photo varchar(255), photo_origin varchar(255), primary key ("id"), constraint uk_category_poster unique (poster_category_id))
2026-09-09 16:14:39.795 [main] DEBUG org.hibernate.SQL - create table category_visibility (visible boolean not null, "createdAt" timestamp(3) not null, "updatedAt" timestamp(3) not null, category_id text not null, "id" text not null, spot_id text not null, primary key ("id"), constraint uk_category_visibility_category_spot unique (category_id, spot_id))
2026-09-09 16:14:39.801 [main] DEBUG org.hibernate.SQL - create table order_items (bonus_accrual numeric(38,2), bonus_sum numeric(38,2), cert_sum numeric(38,2), discount numeric(38,2), payed_sum numeric(38,2), price_snapshot numeric(38,2) not null, print_fiscal boolean, product_cost numeric(38,2), product_cost_netto numeric(38,2), product_profit numeric(38,2), product_profit_netto numeric(38,2), product_sum numeric(38,2), quantity numeric(38,2) not null, round_sum numeric(38,2), tax_fiscal numeric(38,2), tax_sum numeric(38,2), tax_type integer, tax_value numeric(38,2), type integer, "createdAt" timestamp(3) not null, fiscal_company_id bigint, tax_id bigint, "updatedAt" timestamp(3) not null, workshop_id bigint, "id" text not null, order_id text not null, product_id text, product_name_snapshot varchar(255) not null, primary key ("id"))
2026-09-09 16:14:39.806 [main] DEBUG org.hibernate.SQL - create table orders (auto_accept boolean, bonus numeric(38,2), discount numeric(38,2), pay_type integer, payed_bonus numeric(38,2), payed_card numeric(38,2), payed_card_type integer, payed_cash numeric(38,2), payed_cert numeric(38,2), payed_sum numeric(38,2), payed_third_party numeric(38,2), print_fiscal boolean, reason integer, round_sum numeric(38,2), sum numeric(38,2), sync_attempts integer not null, tip_sum numeric(38,2), tips_card numeric(38,2), tips_cash numeric(38,2), total_profit numeric(38,2), total_profit_netto numeric(38,2), application_id bigint, "createdAt" timestamp(3) not null, date_close timestamp(6), poster_client_id bigint, poster_incoming_order_id bigint not null, poster_transaction_id bigint, table_id bigint, "updatedAt" timestamp(3) not null, app_user_id text not null, comment varchar(255), "id" text not null, idempotency_key varchar(255) not null, last_sync_error varchar(255), spot_id text not null, status varchar(255) not null check ((status in ('PENDING_SYNC','NEW','ACCEPTED','CANCELLED','FAILED'))), primary key ("id"), constraint uk_orders_idempotency_key unique (idempotency_key), constraint uk_orders_poster_incoming_order_id unique (poster_incoming_order_id), constraint uk_orders_poster_transaction_id unique (poster_transaction_id))
2026-09-09 16:14:39.814 [main] DEBUG org.hibernate.SQL - create table otp_message ("createdAt" timestamp(3) not null, "updatedAt" timestamp(3) not null, channel varchar(255), description varchar(255), "id" text not null, message_id varchar(255), phone varchar(255), platform varchar(255), status varchar(255), status_date varchar(255), primary key ("id"), constraint users_message_id_key unique (message_id))
2026-09-09 16:14:39.819 [main] DEBUG org.hibernate.SQL - create table product_spots (price numeric(38,2) not null, profit numeric(38,2), profit_netto numeric(38,2), visible boolean, "createdAt" timestamp(3) not null, "updatedAt" timestamp(3) not null, "id" text not null, product_id text not null, spot_id text not null, primary key ("id"), constraint uk_product_spots_product_spot unique (product_id, spot_id))
2026-09-09 16:14:39.824 [main] DEBUG org.hibernate.SQL - create table products (cost numeric(38,2), cost_netto numeric(38,2), different_spots_prices boolean, fiscal boolean, hidden boolean, no_discount boolean, sort_order integer, type integer, weight_flag boolean, workshop integer, "createdAt" timestamp(3) not null, ingredient_id bigint, master_id bigint, menu_category_id bigint, poster_product_id bigint not null, product_tax_id bigint, tax_id bigint, "updatedAt" timestamp(3) not null, barcode varchar(255), color varchar(255), "id" text not null, name varchar(255), photo varchar(255), photo_origin varchar(255), product_code varchar(255), unit varchar(255), primary key ("id"), constraint uk_product_poster_id unique (poster_product_id))
2026-09-09 16:14:39.829 [main] DEBUG org.hibernate.SQL - create table spots (deleted boolean not null, "createdAt" timestamp(3) not null, poster_spot_id bigint not null, "updatedAt" timestamp(3) not null, address varchar(255), "id" text not null, latitude varchar(255), longitude varchar(255), name varchar(255), primary key ("id"), constraint uk_spots_poster_spot_id unique (poster_spot_id))
2026-09-09 16:14:39.835 [main] DEBUG org.hibernate.SQL - create table user_session ("createdAt" timestamp(3) not null, expires_at timestamp(6) with time zone not null, last_access_at timestamp(6) with time zone, revoked_at timestamp(6) with time zone, "updatedAt" timestamp(3) not null, status varchar(20) not null check ((status in ('ACTIVE','REVOKED','EXPIRED'))), platform varchar(32), ip_address varchar(45), refresh_token_hash varchar(64), device_id varchar(128) not null, device_name varchar(128), user_agent varchar(512), "id" text not null, user_id varchar(255), primary key ("id"), constraint uk_session_user_device unique (user_id, device_id))
2026-09-09 16:14:39.839 [main] DEBUG org.hibernate.SQL - create table users (phone_verified boolean not null, verified boolean not null, banned_at timestamp(3), "createdAt" timestamp(3) not null, "updatedAt" timestamp(3) not null, verified_at timestamp(3), ban_reason text, first_name varchar(255), "id" text not null, last_name varchar(255), phone varchar(255) not null, role varchar(255) not null check ((role in ('USER','ADMIN'))), primary key ("id"), constraint users_phone_key unique (phone))
2026-09-09 16:14:39.845 [main] DEBUG org.hibernate.SQL - create index message_id_idx on otp_message (message_id)
2026-09-09 16:14:39.847 [main] DEBUG org.hibernate.SQL - create index idx_session_user on user_session (user_id)
2026-09-09 16:14:39.850 [main] DEBUG org.hibernate.SQL - create index idx_session_status on user_session (status)
2026-09-09 16:14:39.852 [main] DEBUG org.hibernate.SQL - create index idx_session_expires_at on user_session (expires_at)
2026-09-09 16:14:39.854 [main] DEBUG org.hibernate.SQL - create index users_phoneVerified_idx on users (phone_verified)
2026-09-09 16:14:39.857 [main] DEBUG org.hibernate.SQL - create index users_role_idx on users (role)
2026-09-09 16:14:39.860 [main] DEBUG org.hibernate.SQL - create index users_bannedAt_idx on users (banned_at)
2026-09-09 16:14:39.862 [main] DEBUG org.hibernate.SQL - alter table if exists category_visibility add constraint FKqh2owbaekr3dna3b78qiuqb5k foreign key (category_id) references categories
2026-09-09 16:14:39.864 [main] DEBUG org.hibernate.SQL - alter table if exists category_visibility add constraint FKnoautb48w57jipfx5ff24xpdw foreign key (spot_id) references spots
2026-09-09 16:14:39.866 [main] DEBUG org.hibernate.SQL - alter table if exists order_items add constraint FKbioxgbv59vetrxe0ejfubep1w foreign key (order_id) references orders
2026-09-09 16:14:39.867 [main] DEBUG org.hibernate.SQL - alter table if exists order_items add constraint FKocimc7dtr037rh4ls4l95nlfi foreign key (product_id) references products
2026-09-09 16:14:39.869 [main] DEBUG org.hibernate.SQL - alter table if exists orders add constraint FKpwljf1we83ccgjt8ojabx7e41 foreign key (app_user_id) references users
2026-09-09 16:14:39.870 [main] DEBUG org.hibernate.SQL - alter table if exists orders add constraint FK20v9pq3hbg7vsicbwjfpbo5qb foreign key (spot_id) references spots
2026-09-09 16:14:39.872 [main] DEBUG org.hibernate.SQL - alter table if exists product_spots add constraint FKq5k825lvv340w6thniw07lq9u foreign key (product_id) references products
2026-09-09 16:14:39.873 [main] DEBUG org.hibernate.SQL - alter table if exists product_spots add constraint FK6rjnavsipbogdl4b61ownv2id foreign key (spot_id) references spots
2026-09-09 16:14:39.875 [main] DEBUG org.hibernate.SQL - alter table if exists user_session add constraint FKlr29o11uswdgcnn8swu3q15f8 foreign key (user_id) references users
2026-09-09 16:14:39.877 [main] INFO  org.springframework.orm.jpa.LocalContainerEntityManagerFactoryBean - Initialized JPA EntityManagerFactory for persistence unit 'default'
2026-09-09 16:14:39.922 [main] INFO  org.springframework.data.jpa.repository.query.QueryEnhancerFactories - Hibernate is in classpath; If applicable, HQL parser will be used.
2026-09-09 16:14:40.615 [main] WARN  org.springframework.boot.web.server.servlet.context.AnnotationConfigServletWebServerApplicationContext - Exception encountered during context initialization - cancelling refresh attempt: org.springframework.beans.factory.UnsatisfiedDependencyException: Error creating bean with name 'webhookController' defined in file [/home/bobur/Downloads/Poster Integration/Poster-Integration/build/classes/java/main/uz/poster/integration/poster_client/webhook/controller/WebhookController.class]: Unsatisfied dependency expressed through constructor parameter 1: No qualifying bean of type 'uz.poster.integration.poster_client.service.order.OrderReconciliationService' available: expected at least 1 bean which qualifies as autowire candidate. Dependency annotations: {}
2026-09-09 16:14:40.625 [main] INFO  org.springframework.orm.jpa.LocalContainerEntityManagerFactoryBean - Closing JPA EntityManagerFactory for persistence unit 'default'
2026-09-09 16:14:40.627 [main] INFO  com.zaxxer.hikari.HikariDataSource - HikariPool-1 - Shutdown initiated...
2026-09-09 16:14:40.629 [main] INFO  com.zaxxer.hikari.HikariDataSource - HikariPool-1 - Shutdown completed.
2026-09-09 16:14:40.630 [main] INFO  org.apache.catalina.core.StandardService - Stopping service [Tomcat]
2026-09-09 16:14:40.641 [main] INFO  org.springframework.boot.autoconfigure.logging.ConditionEvaluationReportLogger - 

Error starting ApplicationContext. To display the condition evaluation report re-run your application with 'debug' enabled.
2026-09-09 16:14:40.652 [main] ERROR org.springframework.boot.diagnostics.LoggingFailureAnalysisReporter - 

***************************
APPLICATION FAILED TO START
***************************

Description:

Parameter 1 of constructor in uz.poster.integration.poster_client.webhook.controller.WebhookController required a bean of type 'uz.poster.integration.poster_client.service.order.OrderReconciliationService' that could not be found.


Action:

Consider defining a bean of type 'uz.poster.integration.poster_client.service.order.OrderReconciliationService' in your configuration.

2026-09-09 16:15:22.110 [main] INFO  uz.poster.integration.PosterIntegrationApplication - Starting PosterIntegrationApplication using Java 21.0.10 with PID 42886 (/home/bobur/Downloads/Poster Integration/Poster-Integration/build/classes/java/main started by bobur in /home/bobur/Downloads/Poster Integration/Poster-Integration)
2026-09-09 16:15:22.112 [main] INFO  uz.poster.integration.PosterIntegrationApplication - The following 1 profile is active: "dev"
2026-09-09 16:15:22.310 [background-preinit] INFO  org.hibernate.validator.internal.util.Version - HV000001: Hibernate Validator 9.1.3.Final
2026-09-09 16:15:22.710 [main] INFO  org.springframework.data.repository.config.RepositoryConfigurationDelegate - Multiple Spring Data modules found, entering strict repository configuration mode
2026-09-09 16:15:22.711 [main] INFO  org.springframework.data.repository.config.RepositoryConfigurationDelegate - Bootstrapping Spring Data JPA repositories in DEFAULT mode.
2026-09-09 16:15:22.793 [main] INFO  org.springframework.data.repository.config.RepositoryConfigurationDelegate - Finished Spring Data repository scanning in 75 ms. Found 3 JPA repository interfaces.
2026-09-09 16:15:22.819 [main] INFO  org.springframework.data.repository.config.RepositoryConfigurationDelegate - Multiple Spring Data modules found, entering strict repository configuration mode
2026-09-09 16:15:22.819 [main] INFO  org.springframework.data.repository.config.RepositoryConfigurationDelegate - Bootstrapping Spring Data Redis repositories in DEFAULT mode.
2026-09-09 16:15:22.829 [main] INFO  org.springframework.data.repository.config.RepositoryConfigurationExtensionSupport - Spring Data Redis - Could not safely identify store assignment for repository candidate interface uz.poster.integration.notification.otp.repository.OtpMessageRepository; If you want this repository to be a Redis repository, consider annotating your entities with one of these annotations: org.springframework.data.redis.core.RedisHash (preferred), or consider extending one of the following types with your repository: org.springframework.data.keyvalue.repository.KeyValueRepository
2026-09-09 16:15:22.829 [main] INFO  org.springframework.data.repository.config.RepositoryConfigurationExtensionSupport - Spring Data Redis - Could not safely identify store assignment for repository candidate interface uz.poster.integration.user.repository.UserRepository; If you want this repository to be a Redis repository, consider annotating your entities with one of these annotations: org.springframework.data.redis.core.RedisHash (preferred), or consider extending one of the following types with your repository: org.springframework.data.keyvalue.repository.KeyValueRepository
2026-09-09 16:15:22.829 [main] INFO  org.springframework.data.repository.config.RepositoryConfigurationExtensionSupport - Spring Data Redis - Could not safely identify store assignment for repository candidate interface uz.poster.integration.user.repository.UserSessionRepository; If you want this repository to be a Redis repository, consider annotating your entities with one of these annotations: org.springframework.data.redis.core.RedisHash (preferred), or consider extending one of the following types with your repository: org.springframework.data.keyvalue.repository.KeyValueRepository
2026-09-09 16:15:22.829 [main] INFO  org.springframework.data.repository.config.RepositoryConfigurationDelegate - Finished Spring Data repository scanning in 4 ms. Found 0 Redis repository interfaces.
2026-09-09 16:15:23.224 [main] INFO  org.springframework.boot.tomcat.TomcatWebServer - Tomcat initialized with port 8080 (http)
2026-09-09 16:15:23.231 [main] INFO  org.apache.coyote.http11.Http11NioProtocol - Initializing ProtocolHandler ["http-nio-8080"]
2026-09-09 16:15:23.232 [main] INFO  org.apache.catalina.core.StandardService - Starting service [Tomcat]
2026-09-09 16:15:23.232 [main] INFO  org.apache.catalina.core.StandardEngine - Starting Servlet engine: [Apache Tomcat/11.0.24]
2026-09-09 16:15:23.259 [main] INFO  org.springframework.boot.web.context.servlet.WebApplicationContextInitializer - Root WebApplicationContext: initialization completed in 1117 ms
2026-09-09 16:15:23.405 [main] INFO  org.hibernate.orm.jpa - HHH008540: Processing PersistenceUnitInfo [name: default]
2026-09-09 16:15:23.441 [main] INFO  org.hibernate.orm.core - HHH000001: Hibernate ORM core version 7.4.5.Final
2026-09-09 16:15:23.672 [main] INFO  org.springframework.orm.jpa.persistenceunit.SpringPersistenceUnitInfo - No LoadTimeWeaver setup: ignoring JPA class transformer
2026-09-09 16:15:23.695 [main] WARN  com.zaxxer.hikari.HikariConfig - HikariPool-1 - keepaliveTime is greater than or equal to maxLifetime, disabling it.
2026-09-09 16:15:23.695 [main] WARN  com.zaxxer.hikari.HikariConfig - HikariPool-1 - leakDetectionThreshold is less than 2000ms or more than maxLifetime, disabling it.
2026-09-09 16:15:23.695 [main] INFO  com.zaxxer.hikari.HikariDataSource - HikariPool-1 - Starting...
2026-09-09 16:15:23.914 [main] INFO  com.zaxxer.hikari.pool.HikariPool - HikariPool-1 - Added connection org.postgresql.jdbc.PgConnection@2003edf
2026-09-09 16:15:23.914 [main] INFO  com.zaxxer.hikari.HikariDataSource - HikariPool-1 - Start completed.
2026-09-09 16:15:23.954 [main] INFO  org.hibernate.orm.connections.pooling - HHH10001005: Database info:
	Database JDBC URL [jdbc:postgresql://localhost:5432/poster_db]
	Database driver: PostgreSQL JDBC Driver
	Database dialect: PostgreSQLDialect
	Database version: 16.15
	Default catalog/schema: poster_db/public
	Autocommit mode: undefined/unknown
	Isolation level: READ_COMMITTED [default READ_COMMITTED]
	JDBC fetch size: none
	Pool: DataSourceConnectionProvider
	Minimum pool size: undefined/unknown
	Maximum pool size: undefined/unknown
2026-09-09 16:15:24.618 [main] INFO  org.hibernate.orm.core - HHH000489: No JTA platform available (set 'hibernate.transaction.jta.platform' to enable JTA platform integration)
2026-09-09 16:15:24.629 [main] DEBUG org.hibernate.SQL - set client_min_messages = WARNING
2026-09-09 16:15:24.631 [main] DEBUG org.hibernate.SQL - alter table if exists category_visibility drop constraint if exists FKqh2owbaekr3dna3b78qiuqb5k
2026-09-09 16:15:24.632 [main] DEBUG org.hibernate.SQL - alter table if exists category_visibility drop constraint if exists FKnoautb48w57jipfx5ff24xpdw
2026-09-09 16:15:24.634 [main] DEBUG org.hibernate.SQL - alter table if exists order_items drop constraint if exists FKbioxgbv59vetrxe0ejfubep1w
2026-09-09 16:15:24.635 [main] DEBUG org.hibernate.SQL - alter table if exists order_items drop constraint if exists FKocimc7dtr037rh4ls4l95nlfi
2026-09-09 16:15:24.637 [main] DEBUG org.hibernate.SQL - alter table if exists orders drop constraint if exists FKpwljf1we83ccgjt8ojabx7e41
2026-09-09 16:15:24.639 [main] DEBUG org.hibernate.SQL - alter table if exists orders drop constraint if exists FK20v9pq3hbg7vsicbwjfpbo5qb
2026-09-09 16:15:24.640 [main] DEBUG org.hibernate.SQL - alter table if exists product_spots drop constraint if exists FKq5k825lvv340w6thniw07lq9u
2026-09-09 16:15:24.641 [main] DEBUG org.hibernate.SQL - alter table if exists product_spots drop constraint if exists FK6rjnavsipbogdl4b61ownv2id
2026-09-09 16:15:24.643 [main] DEBUG org.hibernate.SQL - alter table if exists user_session drop constraint if exists FKlr29o11uswdgcnn8swu3q15f8
2026-09-09 16:15:24.644 [main] DEBUG org.hibernate.SQL - drop table if exists categories cascade
2026-09-09 16:15:24.646 [main] DEBUG org.hibernate.SQL - drop table if exists category_visibility cascade
2026-09-09 16:15:24.648 [main] DEBUG org.hibernate.SQL - drop table if exists order_items cascade
2026-09-09 16:15:24.649 [main] DEBUG org.hibernate.SQL - drop table if exists orders cascade
2026-09-09 16:15:24.651 [main] DEBUG org.hibernate.SQL - drop table if exists otp_message cascade
2026-09-09 16:15:24.653 [main] DEBUG org.hibernate.SQL - drop table if exists product_spots cascade
2026-09-09 16:15:24.654 [main] DEBUG org.hibernate.SQL - drop table if exists products cascade
2026-09-09 16:15:24.656 [main] DEBUG org.hibernate.SQL - drop table if exists spots cascade
2026-09-09 16:15:24.658 [main] DEBUG org.hibernate.SQL - drop table if exists user_session cascade
2026-09-09 16:15:24.659 [main] DEBUG org.hibernate.SQL - drop table if exists users cascade
2026-09-09 16:15:24.664 [main] DEBUG org.hibernate.SQL - create table categories (fiscal boolean, hidden boolean, left_position integer, level integer, no_discount boolean, right_position integer, sort_order integer, "createdAt" timestamp(3) not null, master_id bigint, parent_category bigint, poster_category_id bigint not null, tax_id bigint, "updatedAt" timestamp(3) not null, category_tag varchar(255), color varchar(255), "id" text not null, id1c varchar(255), name varchar(255) not null, photo varchar(255), photo_origin varchar(255), primary key ("id"), constraint uk_category_poster unique (poster_category_id))
2026-09-09 16:15:24.671 [main] DEBUG org.hibernate.SQL - create table category_visibility (visible boolean not null, "createdAt" timestamp(3) not null, "updatedAt" timestamp(3) not null, category_id text not null, "id" text not null, spot_id text not null, primary key ("id"), constraint uk_category_visibility_category_spot unique (category_id, spot_id))
2026-09-09 16:15:24.677 [main] DEBUG org.hibernate.SQL - create table order_items (bonus_accrual numeric(38,2), bonus_sum numeric(38,2), cert_sum numeric(38,2), discount numeric(38,2), payed_sum numeric(38,2), price_snapshot numeric(38,2) not null, print_fiscal boolean, product_cost numeric(38,2), product_cost_netto numeric(38,2), product_profit numeric(38,2), product_profit_netto numeric(38,2), product_sum numeric(38,2), quantity numeric(38,2) not null, round_sum numeric(38,2), tax_fiscal numeric(38,2), tax_sum numeric(38,2), tax_type integer, tax_value numeric(38,2), type integer, "createdAt" timestamp(3) not null, fiscal_company_id bigint, tax_id bigint, "updatedAt" timestamp(3) not null, workshop_id bigint, "id" text not null, order_id text not null, product_id text, product_name_snapshot varchar(255) not null, primary key ("id"))
2026-09-09 16:15:24.681 [main] DEBUG org.hibernate.SQL - create table orders (auto_accept boolean, bonus numeric(38,2), discount numeric(38,2), pay_type integer, payed_bonus numeric(38,2), payed_card numeric(38,2), payed_card_type integer, payed_cash numeric(38,2), payed_cert numeric(38,2), payed_sum numeric(38,2), payed_third_party numeric(38,2), print_fiscal boolean, reason integer, round_sum numeric(38,2), sum numeric(38,2), sync_attempts integer not null, tip_sum numeric(38,2), tips_card numeric(38,2), tips_cash numeric(38,2), total_profit numeric(38,2), total_profit_netto numeric(38,2), application_id bigint, "createdAt" timestamp(3) not null, date_close timestamp(6), poster_client_id bigint, poster_incoming_order_id bigint not null, poster_transaction_id bigint, table_id bigint, "updatedAt" timestamp(3) not null, app_user_id text not null, comment varchar(255), "id" text not null, idempotency_key varchar(255) not null, last_sync_error varchar(255), spot_id text not null, status varchar(255) not null check ((status in ('PENDING_SYNC','NEW','ACCEPTED','CANCELLED','FAILED'))), primary key ("id"), constraint uk_orders_idempotency_key unique (idempotency_key), constraint uk_orders_poster_incoming_order_id unique (poster_incoming_order_id), constraint uk_orders_poster_transaction_id unique (poster_transaction_id))
2026-09-09 16:15:24.690 [main] DEBUG org.hibernate.SQL - create table otp_message ("createdAt" timestamp(3) not null, "updatedAt" timestamp(3) not null, channel varchar(255), description varchar(255), "id" text not null, message_id varchar(255), phone varchar(255), platform varchar(255), status varchar(255), status_date varchar(255), primary key ("id"), constraint users_message_id_key unique (message_id))
2026-09-09 16:15:24.696 [main] DEBUG org.hibernate.SQL - create table product_spots (price numeric(38,2) not null, profit numeric(38,2), profit_netto numeric(38,2), visible boolean, "createdAt" timestamp(3) not null, "updatedAt" timestamp(3) not null, "id" text not null, product_id text not null, spot_id text not null, primary key ("id"), constraint uk_product_spots_product_spot unique (product_id, spot_id))
2026-09-09 16:15:24.702 [main] DEBUG org.hibernate.SQL - create table products (cost numeric(38,2), cost_netto numeric(38,2), different_spots_prices boolean, fiscal boolean, hidden boolean, no_discount boolean, sort_order integer, type integer, weight_flag boolean, workshop integer, "createdAt" timestamp(3) not null, ingredient_id bigint, master_id bigint, menu_category_id bigint, poster_product_id bigint not null, product_tax_id bigint, tax_id bigint, "updatedAt" timestamp(3) not null, barcode varchar(255), color varchar(255), "id" text not null, name varchar(255), photo varchar(255), photo_origin varchar(255), product_code varchar(255), unit varchar(255), primary key ("id"), constraint uk_product_poster_id unique (poster_product_id))
2026-09-09 16:15:24.708 [main] DEBUG org.hibernate.SQL - create table spots (deleted boolean not null, "createdAt" timestamp(3) not null, poster_spot_id bigint not null, "updatedAt" timestamp(3) not null, address varchar(255), "id" text not null, latitude varchar(255), longitude varchar(255), name varchar(255), primary key ("id"), constraint uk_spots_poster_spot_id unique (poster_spot_id))
2026-09-09 16:15:24.714 [main] DEBUG org.hibernate.SQL - create table user_session ("createdAt" timestamp(3) not null, expires_at timestamp(6) with time zone not null, last_access_at timestamp(6) with time zone, revoked_at timestamp(6) with time zone, "updatedAt" timestamp(3) not null, status varchar(20) not null check ((status in ('ACTIVE','REVOKED','EXPIRED'))), platform varchar(32), ip_address varchar(45), refresh_token_hash varchar(64), device_id varchar(128) not null, device_name varchar(128), user_agent varchar(512), "id" text not null, user_id varchar(255), primary key ("id"), constraint uk_session_user_device unique (user_id, device_id))
2026-09-09 16:15:24.719 [main] DEBUG org.hibernate.SQL - create table users (phone_verified boolean not null, verified boolean not null, banned_at timestamp(3), "createdAt" timestamp(3) not null, "updatedAt" timestamp(3) not null, verified_at timestamp(3), ban_reason text, first_name varchar(255), "id" text not null, last_name varchar(255), phone varchar(255) not null, role varchar(255) not null check ((role in ('USER','ADMIN'))), primary key ("id"), constraint users_phone_key unique (phone))
2026-09-09 16:15:24.724 [main] DEBUG org.hibernate.SQL - create index message_id_idx on otp_message (message_id)
2026-09-09 16:15:24.727 [main] DEBUG org.hibernate.SQL - create index idx_session_user on user_session (user_id)
2026-09-09 16:15:24.729 [main] DEBUG org.hibernate.SQL - create index idx_session_status on user_session (status)
2026-09-09 16:15:24.732 [main] DEBUG org.hibernate.SQL - create index idx_session_expires_at on user_session (expires_at)
2026-09-09 16:15:24.734 [main] DEBUG org.hibernate.SQL - create index users_phoneVerified_idx on users (phone_verified)
2026-09-09 16:15:24.736 [main] DEBUG org.hibernate.SQL - create index users_role_idx on users (role)
2026-09-09 16:15:24.739 [main] DEBUG org.hibernate.SQL - create index users_bannedAt_idx on users (banned_at)
2026-09-09 16:15:24.741 [main] DEBUG org.hibernate.SQL - alter table if exists category_visibility add constraint FKqh2owbaekr3dna3b78qiuqb5k foreign key (category_id) references categories
2026-09-09 16:15:24.743 [main] DEBUG org.hibernate.SQL - alter table if exists category_visibility add constraint FKnoautb48w57jipfx5ff24xpdw foreign key (spot_id) references spots
2026-09-09 16:15:24.744 [main] DEBUG org.hibernate.SQL - alter table if exists order_items add constraint FKbioxgbv59vetrxe0ejfubep1w foreign key (order_id) references orders
2026-09-09 16:15:24.746 [main] DEBUG org.hibernate.SQL - alter table if exists order_items add constraint FKocimc7dtr037rh4ls4l95nlfi foreign key (product_id) references products
2026-09-09 16:15:24.748 [main] DEBUG org.hibernate.SQL - alter table if exists orders add constraint FKpwljf1we83ccgjt8ojabx7e41 foreign key (app_user_id) references users
2026-09-09 16:15:24.749 [main] DEBUG org.hibernate.SQL - alter table if exists orders add constraint FK20v9pq3hbg7vsicbwjfpbo5qb foreign key (spot_id) references spots
2026-09-09 16:15:24.751 [main] DEBUG org.hibernate.SQL - alter table if exists product_spots add constraint FKq5k825lvv340w6thniw07lq9u foreign key (product_id) references products
2026-09-09 16:15:24.752 [main] DEBUG org.hibernate.SQL - alter table if exists product_spots add constraint FK6rjnavsipbogdl4b61ownv2id foreign key (spot_id) references spots
2026-09-09 16:15:24.754 [main] DEBUG org.hibernate.SQL - alter table if exists user_session add constraint FKlr29o11uswdgcnn8swu3q15f8 foreign key (user_id) references users
2026-09-09 16:15:24.757 [main] INFO  org.springframework.orm.jpa.LocalContainerEntityManagerFactoryBean - Initialized JPA EntityManagerFactory for persistence unit 'default'
2026-09-09 16:15:24.799 [main] INFO  org.springframework.data.jpa.repository.query.QueryEnhancerFactories - Hibernate is in classpath; If applicable, HQL parser will be used.
2026-09-09 16:15:25.572 [main] WARN  org.springframework.boot.jpa.autoconfigure.JpaBaseConfiguration$JpaWebConfiguration - spring.jpa.open-in-view is enabled by default. Therefore, database queries may be performed during view rendering. Explicitly configure spring.jpa.open-in-view to disable this warning
2026-09-09 16:15:25.656 [main] INFO  org.springframework.security.config.annotation.authentication.configuration.InitializeUserDetailsBeanManagerConfigurer$InitializeUserDetailsManagerConfigurer - Global AuthenticationManager configured with UserDetailsService bean with name customUserDetailsService
2026-09-09 16:15:26.202 [main] INFO  org.springframework.boot.actuate.endpoint.web.EndpointLinksResolver - Exposing 1 endpoint beneath base path '/actuator'
2026-09-09 16:15:26.252 [main] INFO  org.apache.coyote.http11.Http11NioProtocol - Starting ProtocolHandler ["http-nio-8080"]
2026-09-09 16:15:26.259 [main] INFO  org.springframework.boot.tomcat.TomcatWebServer - Tomcat started on port 8080 (http) with context path '/'
2026-09-09 16:15:26.268 [main] INFO  uz.poster.integration.PosterIntegrationApplication - Started PosterIntegrationApplication in 4.449 seconds (process running for 4.797)
2026-09-09 16:15:26.274 [main] WARN  org.springdoc.core.events.SpringDocAppInitializer - SpringDoc /v3/api-docs endpoint is enabled by default. To disable it in production, set the property 'springdoc.api-docs.enabled=false'
2026-09-09 16:15:26.274 [main] WARN  org.springdoc.core.events.SpringDocAppInitializer - SpringDoc /swagger-ui.html endpoint is enabled by default. To disable it in production, set the property 'springdoc.swagger-ui.enabled=false'
2026-09-09 16:15:26.643 [RMI TCP Connection(4)-127.0.0.1] INFO  org.apache.catalina.core.ContainerBase.[Tomcat].[localhost].[/] - Initializing Spring DispatcherServlet 'dispatcherServlet'
2026-09-09 16:15:26.643 [RMI TCP Connection(4)-127.0.0.1] INFO  org.springframework.web.servlet.DispatcherServlet - Initializing Servlet 'dispatcherServlet'
2026-09-09 16:15:26.644 [RMI TCP Connection(4)-127.0.0.1] INFO  org.springframework.web.servlet.DispatcherServlet - Completed initialization in 1 ms
2026-09-09 16:15:32.725 [SpringApplicationShutdownHook] INFO  org.springframework.boot.tomcat.GracefulShutdown - Commencing graceful shutdown. Waiting for active requests to complete
2026-09-09 16:15:32.727 [tomcat-shutdown] INFO  org.springframework.boot.tomcat.GracefulShutdown - Graceful shutdown complete
2026-09-09 16:15:32.737 [SpringApplicationShutdownHook] INFO  org.springframework.orm.jpa.LocalContainerEntityManagerFactoryBean - Closing JPA EntityManagerFactory for persistence unit 'default'
2026-09-09 16:15:32.739 [SpringApplicationShutdownHook] INFO  com.zaxxer.hikari.HikariDataSource - HikariPool-1 - Shutdown initiated...
2026-09-09 16:15:32.741 [SpringApplicationShutdownHook] INFO  com.zaxxer.hikari.HikariDataSource - HikariPool-1 - Shutdown completed.
2026-09-09 16:15:34.443 [main] INFO  uz.poster.integration.PosterIntegrationApplication - Starting PosterIntegrationApplication using Java 21.0.10 with PID 43085 (/home/bobur/Downloads/Poster Integration/Poster-Integration/build/classes/java/main started by bobur in /home/bobur/Downloads/Poster Integration/Poster-Integration)
2026-09-09 16:15:34.444 [main] INFO  uz.poster.integration.PosterIntegrationApplication - The following 1 profile is active: "dev"
2026-09-09 16:15:34.602 [background-preinit] INFO  org.hibernate.validator.internal.util.Version - HV000001: Hibernate Validator 9.1.3.Final
2026-09-09 16:15:34.953 [main] INFO  org.springframework.data.repository.config.RepositoryConfigurationDelegate - Multiple Spring Data modules found, entering strict repository configuration mode
2026-09-09 16:15:34.954 [main] INFO  org.springframework.data.repository.config.RepositoryConfigurationDelegate - Bootstrapping Spring Data JPA repositories in DEFAULT mode.
2026-09-09 16:15:35.020 [main] INFO  org.springframework.data.repository.config.RepositoryConfigurationDelegate - Finished Spring Data repository scanning in 61 ms. Found 3 JPA repository interfaces.
2026-09-09 16:15:35.041 [main] INFO  org.springframework.data.repository.config.RepositoryConfigurationDelegate - Multiple Spring Data modules found, entering strict repository configuration mode
2026-09-09 16:15:35.042 [main] INFO  org.springframework.data.repository.config.RepositoryConfigurationDelegate - Bootstrapping Spring Data Redis repositories in DEFAULT mode.
2026-09-09 16:15:35.050 [main] INFO  org.springframework.data.repository.config.RepositoryConfigurationExtensionSupport - Spring Data Redis - Could not safely identify store assignment for repository candidate interface uz.poster.integration.notification.otp.repository.OtpMessageRepository; If you want this repository to be a Redis repository, consider annotating your entities with one of these annotations: org.springframework.data.redis.core.RedisHash (preferred), or consider extending one of the following types with your repository: org.springframework.data.keyvalue.repository.KeyValueRepository
2026-09-09 16:15:35.050 [main] INFO  org.springframework.data.repository.config.RepositoryConfigurationExtensionSupport - Spring Data Redis - Could not safely identify store assignment for repository candidate interface uz.poster.integration.user.repository.UserRepository; If you want this repository to be a Redis repository, consider annotating your entities with one of these annotations: org.springframework.data.redis.core.RedisHash (preferred), or consider extending one of the following types with your repository: org.springframework.data.keyvalue.repository.KeyValueRepository
2026-09-09 16:15:35.050 [main] INFO  org.springframework.data.repository.config.RepositoryConfigurationExtensionSupport - Spring Data Redis - Could not safely identify store assignment for repository candidate interface uz.poster.integration.user.repository.UserSessionRepository; If you want this repository to be a Redis repository, consider annotating your entities with one of these annotations: org.springframework.data.redis.core.RedisHash (preferred), or consider extending one of the following types with your repository: org.springframework.data.keyvalue.repository.KeyValueRepository
2026-09-09 16:15:35.050 [main] INFO  org.springframework.data.repository.config.RepositoryConfigurationDelegate - Finished Spring Data repository scanning in 4 ms. Found 0 Redis repository interfaces.
2026-09-09 16:15:35.409 [main] INFO  org.springframework.boot.tomcat.TomcatWebServer - Tomcat initialized with port 8080 (http)
2026-09-09 16:15:35.416 [main] INFO  org.apache.coyote.http11.Http11NioProtocol - Initializing ProtocolHandler ["http-nio-8080"]
2026-09-09 16:15:35.417 [main] INFO  org.apache.catalina.core.StandardService - Starting service [Tomcat]
2026-09-09 16:15:35.417 [main] INFO  org.apache.catalina.core.StandardEngine - Starting Servlet engine: [Apache Tomcat/11.0.24]
2026-09-09 16:15:35.442 [main] INFO  org.springframework.boot.web.context.servlet.WebApplicationContextInitializer - Root WebApplicationContext: initialization completed in 975 ms
2026-09-09 16:15:35.571 [main] INFO  org.hibernate.orm.jpa - HHH008540: Processing PersistenceUnitInfo [name: default]
2026-09-09 16:15:35.594 [main] INFO  org.hibernate.orm.core - HHH000001: Hibernate ORM core version 7.4.5.Final
2026-09-09 16:15:35.796 [main] INFO  org.springframework.orm.jpa.persistenceunit.SpringPersistenceUnitInfo - No LoadTimeWeaver setup: ignoring JPA class transformer
2026-09-09 16:15:35.812 [main] WARN  com.zaxxer.hikari.HikariConfig - HikariPool-1 - keepaliveTime is greater than or equal to maxLifetime, disabling it.
2026-09-09 16:15:35.813 [main] WARN  com.zaxxer.hikari.HikariConfig - HikariPool-1 - leakDetectionThreshold is less than 2000ms or more than maxLifetime, disabling it.
2026-09-09 16:15:35.813 [main] INFO  com.zaxxer.hikari.HikariDataSource - HikariPool-1 - Starting...
2026-09-09 16:15:35.975 [main] INFO  com.zaxxer.hikari.pool.HikariPool - HikariPool-1 - Added connection org.postgresql.jdbc.PgConnection@1e12fdcf
2026-09-09 16:15:35.976 [main] INFO  com.zaxxer.hikari.HikariDataSource - HikariPool-1 - Start completed.
2026-09-09 16:15:36.012 [main] INFO  org.hibernate.orm.connections.pooling - HHH10001005: Database info:
	Database JDBC URL [jdbc:postgresql://localhost:5432/poster_db]
	Database driver: PostgreSQL JDBC Driver
	Database dialect: PostgreSQLDialect
	Database version: 16.15
	Default catalog/schema: poster_db/public
	Autocommit mode: undefined/unknown
	Isolation level: READ_COMMITTED [default READ_COMMITTED]
	JDBC fetch size: none
	Pool: DataSourceConnectionProvider
	Minimum pool size: undefined/unknown
	Maximum pool size: undefined/unknown
2026-09-09 16:15:36.658 [main] INFO  org.hibernate.orm.core - HHH000489: No JTA platform available (set 'hibernate.transaction.jta.platform' to enable JTA platform integration)
2026-09-09 16:15:36.715 [main] INFO  org.springframework.orm.jpa.LocalContainerEntityManagerFactoryBean - Initialized JPA EntityManagerFactory for persistence unit 'default'
2026-09-09 16:15:36.755 [main] INFO  org.springframework.data.jpa.repository.query.QueryEnhancerFactories - Hibernate is in classpath; If applicable, HQL parser will be used.
2026-09-09 16:15:37.484 [main] WARN  org.springframework.boot.jpa.autoconfigure.JpaBaseConfiguration$JpaWebConfiguration - spring.jpa.open-in-view is enabled by default. Therefore, database queries may be performed during view rendering. Explicitly configure spring.jpa.open-in-view to disable this warning
2026-09-09 16:15:37.548 [main] INFO  org.springframework.security.config.annotation.authentication.configuration.InitializeUserDetailsBeanManagerConfigurer$InitializeUserDetailsManagerConfigurer - Global AuthenticationManager configured with UserDetailsService bean with name customUserDetailsService
2026-09-09 16:15:38.096 [main] INFO  org.springframework.boot.actuate.endpoint.web.EndpointLinksResolver - Exposing 1 endpoint beneath base path '/actuator'
2026-09-09 16:15:38.142 [main] INFO  org.apache.coyote.http11.Http11NioProtocol - Starting ProtocolHandler ["http-nio-8080"]
2026-09-09 16:15:38.147 [main] INFO  org.springframework.boot.tomcat.TomcatWebServer - Tomcat started on port 8080 (http) with context path '/'
2026-09-09 16:15:38.154 [main] INFO  uz.poster.integration.PosterIntegrationApplication - Started PosterIntegrationApplication in 3.993 seconds (process running for 4.331)
2026-09-09 16:15:38.159 [main] WARN  org.springdoc.core.events.SpringDocAppInitializer - SpringDoc /v3/api-docs endpoint is enabled by default. To disable it in production, set the property 'springdoc.api-docs.enabled=false'
2026-09-09 16:15:38.159 [main] WARN  org.springdoc.core.events.SpringDocAppInitializer - SpringDoc /swagger-ui.html endpoint is enabled by default. To disable it in production, set the property 'springdoc.swagger-ui.enabled=false'
2026-09-09 16:15:38.489 [RMI TCP Connection(2)-127.0.0.1] INFO  org.apache.catalina.core.ContainerBase.[Tomcat].[localhost].[/] - Initializing Spring DispatcherServlet 'dispatcherServlet'
2026-09-09 16:15:38.489 [RMI TCP Connection(2)-127.0.0.1] INFO  org.springframework.web.servlet.DispatcherServlet - Initializing Servlet 'dispatcherServlet'
2026-09-09 16:15:38.490 [RMI TCP Connection(2)-127.0.0.1] INFO  org.springframework.web.servlet.DispatcherServlet - Completed initialization in 1 ms
2026-09-09 16:16:43.315 [http-nio-8080-exec-8] INFO  org.springdoc.api.AbstractOpenApiResource - Init duration for springdoc-openapi is: 118 ms
2026-09-09 16:16:47.298 [http-nio-8080-exec-9] INFO  org.springdoc.api.AbstractOpenApiResource - Init duration for springdoc-openapi is: 103 ms
2026-09-09 16:17:05.052 [http-nio-8080-exec-10] INFO  uz.poster.integration.notification.otp.service.impl.OtpServiceImpl - OTP for +998935713884: 405203 (expires in 2 minutes)
2026-09-09 16:17:05.094 [task-1] DEBUG org.hibernate.SQL - insert into otp_message (channel,"createdAt",description,message_id,phone,platform,status,status_date,"updatedAt","id") values (?,?,?,?,?,?,?,?,?,?)
2026-09-09 16:17:05.096 [task-1] TRACE org.hibernate.orm.jdbc.bind - binding parameter (1:VARCHAR) <- [null]
2026-09-09 16:17:05.096 [task-1] TRACE org.hibernate.orm.jdbc.bind - binding parameter (2:TIMESTAMP) <- [2026-09-09T16:17:05.089378]
2026-09-09 16:17:05.097 [task-1] TRACE org.hibernate.orm.jdbc.bind - binding parameter (3:VARCHAR) <- [null]
2026-09-09 16:17:05.097 [task-1] TRACE org.hibernate.orm.jdbc.bind - binding parameter (4:VARCHAR) <- [66bc438d-9b9e-4ae8-bd51-31c7b3cd7375]
2026-09-09 16:17:05.097 [task-1] TRACE org.hibernate.orm.jdbc.bind - binding parameter (5:VARCHAR) <- [+998935713884]
2026-09-09 16:17:05.097 [task-1] TRACE org.hibernate.orm.jdbc.bind - binding parameter (6:VARCHAR) <- [IOS]
2026-09-09 16:17:05.097 [task-1] TRACE org.hibernate.orm.jdbc.bind - binding parameter (7:VARCHAR) <- [PENDING]
2026-09-09 16:17:05.097 [task-1] TRACE org.hibernate.orm.jdbc.bind - binding parameter (8:VARCHAR) <- [null]
2026-09-09 16:17:05.097 [task-1] TRACE org.hibernate.orm.jdbc.bind - binding parameter (9:TIMESTAMP) <- [2026-09-09T16:17:05.089424]
2026-09-09 16:17:05.097 [task-1] TRACE org.hibernate.orm.jdbc.bind - binding parameter (10:VARCHAR) <- [2043f5b9-f419-4e98-95ee-f8d9b2a73824]
2026-09-09 16:21:59.256 [SpringApplicationShutdownHook] INFO  org.springframework.boot.tomcat.GracefulShutdown - Commencing graceful shutdown. Waiting for active requests to complete
2026-09-09 16:21:59.258 [tomcat-shutdown] INFO  org.springframework.boot.tomcat.GracefulShutdown - Graceful shutdown complete
2026-09-09 16:21:59.270 [SpringApplicationShutdownHook] INFO  org.springframework.orm.jpa.LocalContainerEntityManagerFactoryBean - Closing JPA EntityManagerFactory for persistence unit 'default'
2026-09-09 16:21:59.272 [SpringApplicationShutdownHook] INFO  com.zaxxer.hikari.HikariDataSource - HikariPool-1 - Shutdown initiated...
2026-09-09 16:21:59.273 [SpringApplicationShutdownHook] INFO  com.zaxxer.hikari.HikariDataSource - HikariPool-1 - Shutdown completed.
2026-09-09 16:22:02.748 [main] INFO  uz.poster.integration.PosterIntegrationApplication - Starting PosterIntegrationApplication using Java 21.0.10 with PID 43861 (/home/bobur/Downloads/Poster Integration/Poster-Integration/build/classes/java/main started by bobur in /home/bobur/Downloads/Poster Integration/Poster-Integration)
2026-09-09 16:22:02.750 [main] INFO  uz.poster.integration.PosterIntegrationApplication - The following 1 profile is active: "dev"
2026-09-09 16:22:02.935 [background-preinit] INFO  org.hibernate.validator.internal.util.Version - HV000001: Hibernate Validator 9.1.3.Final
2026-09-09 16:22:03.310 [main] INFO  org.springframework.data.repository.config.RepositoryConfigurationDelegate - Multiple Spring Data modules found, entering strict repository configuration mode
2026-09-09 16:22:03.311 [main] INFO  org.springframework.data.repository.config.RepositoryConfigurationDelegate - Bootstrapping Spring Data JPA repositories in DEFAULT mode.
2026-09-09 16:22:03.391 [main] INFO  org.springframework.data.repository.config.RepositoryConfigurationDelegate - Finished Spring Data repository scanning in 74 ms. Found 3 JPA repository interfaces.
2026-09-09 16:22:03.419 [main] INFO  org.springframework.data.repository.config.RepositoryConfigurationDelegate - Multiple Spring Data modules found, entering strict repository configuration mode
2026-09-09 16:22:03.419 [main] INFO  org.springframework.data.repository.config.RepositoryConfigurationDelegate - Bootstrapping Spring Data Redis repositories in DEFAULT mode.
2026-09-09 16:22:03.430 [main] INFO  org.springframework.data.repository.config.RepositoryConfigurationExtensionSupport - Spring Data Redis - Could not safely identify store assignment for repository candidate interface uz.poster.integration.notification.otp.repository.OtpMessageRepository; If you want this repository to be a Redis repository, consider annotating your entities with one of these annotations: org.springframework.data.redis.core.RedisHash (preferred), or consider extending one of the following types with your repository: org.springframework.data.keyvalue.repository.KeyValueRepository
2026-09-09 16:22:03.430 [main] INFO  org.springframework.data.repository.config.RepositoryConfigurationExtensionSupport - Spring Data Redis - Could not safely identify store assignment for repository candidate interface uz.poster.integration.user.repository.UserRepository; If you want this repository to be a Redis repository, consider annotating your entities with one of these annotations: org.springframework.data.redis.core.RedisHash (preferred), or consider extending one of the following types with your repository: org.springframework.data.keyvalue.repository.KeyValueRepository
2026-09-09 16:22:03.430 [main] INFO  org.springframework.data.repository.config.RepositoryConfigurationExtensionSupport - Spring Data Redis - Could not safely identify store assignment for repository candidate interface uz.poster.integration.user.repository.UserSessionRepository; If you want this repository to be a Redis repository, consider annotating your entities with one of these annotations: org.springframework.data.redis.core.RedisHash (preferred), or consider extending one of the following types with your repository: org.springframework.data.keyvalue.repository.KeyValueRepository
2026-09-09 16:22:03.430 [main] INFO  org.springframework.data.repository.config.RepositoryConfigurationDelegate - Finished Spring Data repository scanning in 4 ms. Found 0 Redis repository interfaces.
2026-09-09 16:22:03.802 [main] INFO  org.springframework.boot.tomcat.TomcatWebServer - Tomcat initialized with port 8080 (http)
2026-09-09 16:22:03.809 [main] INFO  org.apache.coyote.http11.Http11NioProtocol - Initializing ProtocolHandler ["http-nio-8080"]
2026-09-09 16:22:03.810 [main] INFO  org.apache.catalina.core.StandardService - Starting service [Tomcat]
2026-09-09 16:22:03.810 [main] INFO  org.apache.catalina.core.StandardEngine - Starting Servlet engine: [Apache Tomcat/11.0.24]
2026-09-09 16:22:03.837 [main] INFO  org.springframework.boot.web.context.servlet.WebApplicationContextInitializer - Root WebApplicationContext: initialization completed in 1064 ms
2026-09-09 16:22:03.974 [main] INFO  org.hibernate.orm.jpa - HHH008540: Processing PersistenceUnitInfo [name: default]
2026-09-09 16:22:04.008 [main] INFO  org.hibernate.orm.core - HHH000001: Hibernate ORM core version 7.4.5.Final
2026-09-09 16:22:04.251 [main] INFO  org.springframework.orm.jpa.persistenceunit.SpringPersistenceUnitInfo - No LoadTimeWeaver setup: ignoring JPA class transformer
2026-09-09 16:22:04.272 [main] WARN  com.zaxxer.hikari.HikariConfig - HikariPool-1 - keepaliveTime is greater than or equal to maxLifetime, disabling it.
2026-09-09 16:22:04.272 [main] WARN  com.zaxxer.hikari.HikariConfig - HikariPool-1 - leakDetectionThreshold is less than 2000ms or more than maxLifetime, disabling it.
2026-09-09 16:22:04.272 [main] INFO  com.zaxxer.hikari.HikariDataSource - HikariPool-1 - Starting...
2026-09-09 16:22:04.471 [main] INFO  com.zaxxer.hikari.pool.HikariPool - HikariPool-1 - Added connection org.postgresql.jdbc.PgConnection@7bdddfa4
2026-09-09 16:22:04.472 [main] INFO  com.zaxxer.hikari.HikariDataSource - HikariPool-1 - Start completed.
2026-09-09 16:22:04.514 [main] INFO  org.hibernate.orm.connections.pooling - HHH10001005: Database info:
	Database JDBC URL [jdbc:postgresql://localhost:5432/poster_db]
	Database driver: PostgreSQL JDBC Driver
	Database dialect: PostgreSQLDialect
	Database version: 16.15
	Default catalog/schema: poster_db/public
	Autocommit mode: undefined/unknown
	Isolation level: READ_COMMITTED [default READ_COMMITTED]
	JDBC fetch size: none
	Pool: DataSourceConnectionProvider
	Minimum pool size: undefined/unknown
	Maximum pool size: undefined/unknown
2026-09-09 16:22:05.202 [main] INFO  org.hibernate.orm.core - HHH000489: No JTA platform available (set 'hibernate.transaction.jta.platform' to enable JTA platform integration)
2026-09-09 16:22:05.252 [main] INFO  org.springframework.orm.jpa.LocalContainerEntityManagerFactoryBean - Initialized JPA EntityManagerFactory for persistence unit 'default'
2026-09-09 16:22:05.298 [main] INFO  org.springframework.data.jpa.repository.query.QueryEnhancerFactories - Hibernate is in classpath; If applicable, HQL parser will be used.
2026-09-09 16:22:06.087 [main] WARN  org.springframework.boot.jpa.autoconfigure.JpaBaseConfiguration$JpaWebConfiguration - spring.jpa.open-in-view is enabled by default. Therefore, database queries may be performed during view rendering. Explicitly configure spring.jpa.open-in-view to disable this warning
2026-09-09 16:22:06.155 [main] INFO  org.springframework.security.config.annotation.authentication.configuration.InitializeUserDetailsBeanManagerConfigurer$InitializeUserDetailsManagerConfigurer - Global AuthenticationManager configured with UserDetailsService bean with name customUserDetailsService
2026-09-09 16:22:06.717 [main] INFO  org.springframework.boot.actuate.endpoint.web.EndpointLinksResolver - Exposing 1 endpoint beneath base path '/actuator'
2026-09-09 16:22:06.762 [main] INFO  org.apache.coyote.http11.Http11NioProtocol - Starting ProtocolHandler ["http-nio-8080"]
2026-09-09 16:22:06.768 [main] INFO  org.springframework.boot.tomcat.TomcatWebServer - Tomcat started on port 8080 (http) with context path '/'
2026-09-09 16:22:06.774 [main] INFO  uz.poster.integration.PosterIntegrationApplication - Started PosterIntegrationApplication in 4.331 seconds (process running for 4.741)
2026-09-09 16:22:06.778 [main] WARN  org.springdoc.core.events.SpringDocAppInitializer - SpringDoc /v3/api-docs endpoint is enabled by default. To disable it in production, set the property 'springdoc.api-docs.enabled=false'
2026-09-09 16:22:06.778 [main] WARN  org.springdoc.core.events.SpringDocAppInitializer - SpringDoc /swagger-ui.html endpoint is enabled by default. To disable it in production, set the property 'springdoc.swagger-ui.enabled=false'
2026-09-09 16:22:07.176 [RMI TCP Connection(4)-127.0.0.1] INFO  org.apache.catalina.core.ContainerBase.[Tomcat].[localhost].[/] - Initializing Spring DispatcherServlet 'dispatcherServlet'
2026-09-09 16:22:07.177 [RMI TCP Connection(4)-127.0.0.1] INFO  org.springframework.web.servlet.DispatcherServlet - Initializing Servlet 'dispatcherServlet'
2026-09-09 16:22:07.178 [RMI TCP Connection(4)-127.0.0.1] INFO  org.springframework.web.servlet.DispatcherServlet - Completed initialization in 1 ms
2026-09-09 16:22:11.637 [http-nio-8080-exec-1] INFO  uz.poster.integration.notification.otp.service.impl.OtpServiceImpl - OTP for +998935713884: 265616 (expires in 2 minutes)
2026-09-09 16:22:43.468 [http-nio-8080-exec-2] DEBUG org.hibernate.SQL - select u1_0."id",u1_0.ban_reason,u1_0.banned_at,u1_0."createdAt",u1_0.first_name,u1_0.last_name,u1_0.phone,u1_0.phone_verified,u1_0.role,u1_0."updatedAt",u1_0.verified,u1_0.verified_at from users u1_0 where u1_0.phone=?
2026-09-09 16:22:43.469 [http-nio-8080-exec-2] TRACE org.hibernate.orm.jdbc.bind - binding parameter (1:VARCHAR) <- [+998935713884]
2026-09-09 16:22:43.505 [http-nio-8080-exec-2] DEBUG org.hibernate.SQL - select us1_0."id",us1_0."createdAt",us1_0.device_id,us1_0.device_name,us1_0.expires_at,us1_0.ip_address,us1_0.last_access_at,us1_0.platform,us1_0.refresh_token_hash,us1_0.revoked_at,us1_0.status,us1_0."updatedAt",us1_0.user_id,us1_0.user_agent from user_session us1_0 where us1_0.user_id=? and us1_0.device_id=?
2026-09-09 16:22:43.505 [http-nio-8080-exec-2] TRACE org.hibernate.orm.jdbc.bind - binding parameter (1:VARCHAR) <- [4a49bf3c-f69e-48d5-aa7d-a12522c8e655]
2026-09-09 16:22:43.505 [http-nio-8080-exec-2] TRACE org.hibernate.orm.jdbc.bind - binding parameter (2:VARCHAR) <- [test-device]
2026-09-09 16:22:43.559 [http-nio-8080-exec-2] DEBUG org.hibernate.SQL - insert into users (ban_reason,banned_at,"createdAt",first_name,last_name,phone,phone_verified,role,"updatedAt",verified,verified_at,"id") values (?,?,?,?,?,?,?,?,?,?,?,?)
2026-09-09 16:22:43.560 [http-nio-8080-exec-2] TRACE org.hibernate.orm.jdbc.bind - binding parameter (1:VARCHAR) <- [null]
2026-09-09 16:22:43.560 [http-nio-8080-exec-2] TRACE org.hibernate.orm.jdbc.bind - binding parameter (2:TIMESTAMP) <- [null]
2026-09-09 16:22:43.560 [http-nio-8080-exec-2] TRACE org.hibernate.orm.jdbc.bind - binding parameter (3:TIMESTAMP) <- [2026-09-09T16:22:43.554987]
2026-09-09 16:22:43.560 [http-nio-8080-exec-2] TRACE org.hibernate.orm.jdbc.bind - binding parameter (4:VARCHAR) <- [null]
2026-09-09 16:22:43.560 [http-nio-8080-exec-2] TRACE org.hibernate.orm.jdbc.bind - binding parameter (5:VARCHAR) <- [null]
2026-09-09 16:22:43.560 [http-nio-8080-exec-2] TRACE org.hibernate.orm.jdbc.bind - binding parameter (6:VARCHAR) <- [+998935713884]
2026-09-09 16:22:43.561 [http-nio-8080-exec-2] TRACE org.hibernate.orm.jdbc.bind - binding parameter (7:BOOLEAN) <- [true]
2026-09-09 16:22:43.561 [http-nio-8080-exec-2] TRACE org.hibernate.orm.jdbc.bind - binding parameter (8:VARCHAR) <- [USER]
2026-09-09 16:22:43.561 [http-nio-8080-exec-2] TRACE org.hibernate.orm.jdbc.bind - binding parameter (9:TIMESTAMP) <- [2026-09-09T16:22:43.555016]
2026-09-09 16:22:43.561 [http-nio-8080-exec-2] TRACE org.hibernate.orm.jdbc.bind - binding parameter (10:BOOLEAN) <- [true]
2026-09-09 16:22:43.561 [http-nio-8080-exec-2] TRACE org.hibernate.orm.jdbc.bind - binding parameter (11:TIMESTAMP) <- [2026-09-09T16:22:43.480894473]
2026-09-09 16:22:43.561 [http-nio-8080-exec-2] TRACE org.hibernate.orm.jdbc.bind - binding parameter (12:VARCHAR) <- [4a49bf3c-f69e-48d5-aa7d-a12522c8e655]
2026-09-09 16:22:43.563 [http-nio-8080-exec-2] DEBUG org.hibernate.SQL - insert into user_session ("createdAt",device_id,device_name,expires_at,ip_address,last_access_at,platform,refresh_token_hash,revoked_at,status,"updatedAt",user_id,user_agent,"id") values (?,?,?,?,?,?,?,?,?,?,?,?,?,?)
2026-09-09 16:22:43.563 [http-nio-8080-exec-2] TRACE org.hibernate.orm.jdbc.bind - binding parameter (1:TIMESTAMP) <- [2026-09-09T16:22:43.562874]
2026-09-09 16:22:43.563 [http-nio-8080-exec-2] TRACE org.hibernate.orm.jdbc.bind - binding parameter (2:VARCHAR) <- [test-device]
2026-09-09 16:22:43.563 [http-nio-8080-exec-2] TRACE org.hibernate.orm.jdbc.bind - binding parameter (3:VARCHAR) <- [Iphone]
2026-09-09 16:22:43.563 [http-nio-8080-exec-2] TRACE org.hibernate.orm.jdbc.bind - binding parameter (4:TIMESTAMP_UTC) <- [2108-10-29T11:22:43.507524278Z]
2026-09-09 16:22:43.563 [http-nio-8080-exec-2] TRACE org.hibernate.orm.jdbc.bind - binding parameter (5:VARCHAR) <- [0:0:0:0:0:0:0:1]
2026-09-09 16:22:43.563 [http-nio-8080-exec-2] TRACE org.hibernate.orm.jdbc.bind - binding parameter (6:TIMESTAMP_UTC) <- [null]
2026-09-09 16:22:43.563 [http-nio-8080-exec-2] TRACE org.hibernate.orm.jdbc.bind - binding parameter (7:VARCHAR) <- [IOS]
2026-09-09 16:22:43.563 [http-nio-8080-exec-2] TRACE org.hibernate.orm.jdbc.bind - binding parameter (8:VARCHAR) <- [null]
2026-09-09 16:22:43.563 [http-nio-8080-exec-2] TRACE org.hibernate.orm.jdbc.bind - binding parameter (9:TIMESTAMP_UTC) <- [null]
2026-09-09 16:22:43.563 [http-nio-8080-exec-2] TRACE org.hibernate.orm.jdbc.bind - binding parameter (10:VARCHAR) <- [ACTIVE]
2026-09-09 16:22:43.563 [http-nio-8080-exec-2] TRACE org.hibernate.orm.jdbc.bind - binding parameter (11:TIMESTAMP) <- [2026-09-09T16:22:43.562894]
2026-09-09 16:22:43.563 [http-nio-8080-exec-2] TRACE org.hibernate.orm.jdbc.bind - binding parameter (12:VARCHAR) <- [4a49bf3c-f69e-48d5-aa7d-a12522c8e655]
2026-09-09 16:22:43.563 [http-nio-8080-exec-2] TRACE org.hibernate.orm.jdbc.bind - binding parameter (13:VARCHAR) <- [Mozilla/5.0 (X11; Linux x86_64) AppleWebKit/537.36 (KHTML, like Gecko) Chrome/151.0.0.0 Safari/537.36]
2026-09-09 16:22:43.563 [http-nio-8080-exec-2] TRACE org.hibernate.orm.jdbc.bind - binding parameter (14:VARCHAR) <- [d16eb40a-e321-4866-8597-7f362665775c]
2026-09-09 16:22:43.566 [http-nio-8080-exec-2] DEBUG org.hibernate.SQL - update user_session set device_name=?,expires_at=?,ip_address=?,last_access_at=?,platform=?,refresh_token_hash=?,revoked_at=?,status=?,"updatedAt"=?,user_agent=? where "id"=?
2026-09-09 16:22:43.567 [http-nio-8080-exec-2] TRACE org.hibernate.orm.jdbc.bind - binding parameter (1:VARCHAR) <- [Iphone]
2026-09-09 16:22:43.567 [http-nio-8080-exec-2] TRACE org.hibernate.orm.jdbc.bind - binding parameter (2:TIMESTAMP_UTC) <- [2108-10-29T11:22:43.507524278Z]
2026-09-09 16:22:43.567 [http-nio-8080-exec-2] TRACE org.hibernate.orm.jdbc.bind - binding parameter (3:VARCHAR) <- [0:0:0:0:0:0:0:1]
2026-09-09 16:22:43.567 [http-nio-8080-exec-2] TRACE org.hibernate.orm.jdbc.bind - binding parameter (4:TIMESTAMP_UTC) <- [2026-09-09T11:22:43.552017874Z]
2026-09-09 16:22:43.567 [http-nio-8080-exec-2] TRACE org.hibernate.orm.jdbc.bind - binding parameter (5:VARCHAR) <- [IOS]
2026-09-09 16:22:43.567 [http-nio-8080-exec-2] TRACE org.hibernate.orm.jdbc.bind - binding parameter (6:VARCHAR) <- [null]
2026-09-09 16:22:43.567 [http-nio-8080-exec-2] TRACE org.hibernate.orm.jdbc.bind - binding parameter (7:TIMESTAMP_UTC) <- [null]
2026-09-09 16:22:43.567 [http-nio-8080-exec-2] TRACE org.hibernate.orm.jdbc.bind - binding parameter (8:VARCHAR) <- [ACTIVE]
2026-09-09 16:22:43.567 [http-nio-8080-exec-2] TRACE org.hibernate.orm.jdbc.bind - binding parameter (9:TIMESTAMP) <- [2026-09-09T16:22:43.564632]
2026-09-09 16:22:43.567 [http-nio-8080-exec-2] TRACE org.hibernate.orm.jdbc.bind - binding parameter (10:VARCHAR) <- [Mozilla/5.0 (X11; Linux x86_64) AppleWebKit/537.36 (KHTML, like Gecko) Chrome/151.0.0.0 Safari/537.36]
2026-09-09 16:22:43.567 [http-nio-8080-exec-2] TRACE org.hibernate.orm.jdbc.bind - binding parameter (11:VARCHAR) <- [d16eb40a-e321-4866-8597-7f362665775c]
2026-09-09 16:24:12.223 [SpringApplicationShutdownHook] INFO  org.springframework.boot.tomcat.GracefulShutdown - Commencing graceful shutdown. Waiting for active requests to complete
2026-09-09 16:24:12.225 [tomcat-shutdown] INFO  org.springframework.boot.tomcat.GracefulShutdown - Graceful shutdown complete
2026-09-09 16:24:12.235 [SpringApplicationShutdownHook] INFO  org.springframework.orm.jpa.LocalContainerEntityManagerFactoryBean - Closing JPA EntityManagerFactory for persistence unit 'default'
2026-09-09 16:24:12.236 [SpringApplicationShutdownHook] INFO  com.zaxxer.hikari.HikariDataSource - HikariPool-1 - Shutdown initiated...
2026-09-09 16:24:12.237 [SpringApplicationShutdownHook] INFO  com.zaxxer.hikari.HikariDataSource - HikariPool-1 - Shutdown completed.
2026-09-09 16:24:15.232 [main] INFO  uz.poster.integration.PosterIntegrationApplication - Starting PosterIntegrationApplication using Java 21.0.10 with PID 44156 (/home/bobur/Downloads/Poster Integration/Poster-Integration/build/classes/java/main started by bobur in /home/bobur/Downloads/Poster Integration/Poster-Integration)
2026-09-09 16:24:15.233 [main] INFO  uz.poster.integration.PosterIntegrationApplication - The following 1 profile is active: "dev"
2026-09-09 16:24:15.419 [background-preinit] INFO  org.hibernate.validator.internal.util.Version - HV000001: Hibernate Validator 9.1.3.Final
2026-09-09 16:24:15.797 [main] INFO  org.springframework.data.repository.config.RepositoryConfigurationDelegate - Multiple Spring Data modules found, entering strict repository configuration mode
2026-09-09 16:24:15.798 [main] INFO  org.springframework.data.repository.config.RepositoryConfigurationDelegate - Bootstrapping Spring Data JPA repositories in DEFAULT mode.
2026-09-09 16:24:15.879 [main] INFO  org.springframework.data.repository.config.RepositoryConfigurationDelegate - Finished Spring Data repository scanning in 73 ms. Found 3 JPA repository interfaces.
2026-09-09 16:24:15.906 [main] INFO  org.springframework.data.repository.config.RepositoryConfigurationDelegate - Multiple Spring Data modules found, entering strict repository configuration mode
2026-09-09 16:24:15.907 [main] INFO  org.springframework.data.repository.config.RepositoryConfigurationDelegate - Bootstrapping Spring Data Redis repositories in DEFAULT mode.
2026-09-09 16:24:15.916 [main] INFO  org.springframework.data.repository.config.RepositoryConfigurationExtensionSupport - Spring Data Redis - Could not safely identify store assignment for repository candidate interface uz.poster.integration.notification.otp.repository.OtpMessageRepository; If you want this repository to be a Redis repository, consider annotating your entities with one of these annotations: org.springframework.data.redis.core.RedisHash (preferred), or consider extending one of the following types with your repository: org.springframework.data.keyvalue.repository.KeyValueRepository
2026-09-09 16:24:15.917 [main] INFO  org.springframework.data.repository.config.RepositoryConfigurationExtensionSupport - Spring Data Redis - Could not safely identify store assignment for repository candidate interface uz.poster.integration.user.repository.UserRepository; If you want this repository to be a Redis repository, consider annotating your entities with one of these annotations: org.springframework.data.redis.core.RedisHash (preferred), or consider extending one of the following types with your repository: org.springframework.data.keyvalue.repository.KeyValueRepository
2026-09-09 16:24:15.917 [main] INFO  org.springframework.data.repository.config.RepositoryConfigurationExtensionSupport - Spring Data Redis - Could not safely identify store assignment for repository candidate interface uz.poster.integration.user.repository.UserSessionRepository; If you want this repository to be a Redis repository, consider annotating your entities with one of these annotations: org.springframework.data.redis.core.RedisHash (preferred), or consider extending one of the following types with your repository: org.springframework.data.keyvalue.repository.KeyValueRepository
2026-09-09 16:24:15.917 [main] INFO  org.springframework.data.repository.config.RepositoryConfigurationDelegate - Finished Spring Data repository scanning in 4 ms. Found 0 Redis repository interfaces.
2026-09-09 16:24:16.297 [main] INFO  org.springframework.boot.tomcat.TomcatWebServer - Tomcat initialized with port 8080 (http)
2026-09-09 16:24:16.304 [main] INFO  org.apache.coyote.http11.Http11NioProtocol - Initializing ProtocolHandler ["http-nio-8080"]
2026-09-09 16:24:16.304 [main] INFO  org.apache.catalina.core.StandardService - Starting service [Tomcat]
2026-09-09 16:24:16.305 [main] INFO  org.apache.catalina.core.StandardEngine - Starting Servlet engine: [Apache Tomcat/11.0.24]
2026-09-09 16:24:16.329 [main] INFO  org.springframework.boot.web.context.servlet.WebApplicationContextInitializer - Root WebApplicationContext: initialization completed in 1070 ms
2026-09-09 16:24:16.470 [main] INFO  org.hibernate.orm.jpa - HHH008540: Processing PersistenceUnitInfo [name: default]
2026-09-09 16:24:16.502 [main] INFO  org.hibernate.orm.core - HHH000001: Hibernate ORM core version 7.4.5.Final
2026-09-09 16:24:16.740 [main] INFO  org.springframework.orm.jpa.persistenceunit.SpringPersistenceUnitInfo - No LoadTimeWeaver setup: ignoring JPA class transformer
2026-09-09 16:24:16.760 [main] WARN  com.zaxxer.hikari.HikariConfig - HikariPool-1 - keepaliveTime is greater than or equal to maxLifetime, disabling it.
2026-09-09 16:24:16.760 [main] WARN  com.zaxxer.hikari.HikariConfig - HikariPool-1 - leakDetectionThreshold is less than 2000ms or more than maxLifetime, disabling it.
2026-09-09 16:24:16.760 [main] INFO  com.zaxxer.hikari.HikariDataSource - HikariPool-1 - Starting...
2026-09-09 16:24:16.960 [main] INFO  com.zaxxer.hikari.pool.HikariPool - HikariPool-1 - Added connection org.postgresql.jdbc.PgConnection@53b9952f
2026-09-09 16:24:16.961 [main] INFO  com.zaxxer.hikari.HikariDataSource - HikariPool-1 - Start completed.
2026-09-09 16:24:17.000 [main] INFO  org.hibernate.orm.connections.pooling - HHH10001005: Database info:
	Database JDBC URL [jdbc:postgresql://localhost:5432/poster_db]
	Database driver: PostgreSQL JDBC Driver
	Database dialect: PostgreSQLDialect
	Database version: 16.15
	Default catalog/schema: poster_db/public
	Autocommit mode: undefined/unknown
	Isolation level: READ_COMMITTED [default READ_COMMITTED]
	JDBC fetch size: none
	Pool: DataSourceConnectionProvider
	Minimum pool size: undefined/unknown
	Maximum pool size: undefined/unknown
2026-09-09 16:24:17.686 [main] INFO  org.hibernate.orm.core - HHH000489: No JTA platform available (set 'hibernate.transaction.jta.platform' to enable JTA platform integration)
2026-09-09 16:24:17.736 [main] INFO  org.springframework.orm.jpa.LocalContainerEntityManagerFactoryBean - Initialized JPA EntityManagerFactory for persistence unit 'default'
2026-09-09 16:24:17.778 [main] INFO  org.springframework.data.jpa.repository.query.QueryEnhancerFactories - Hibernate is in classpath; If applicable, HQL parser will be used.
2026-09-09 16:24:18.575 [main] WARN  org.springframework.boot.jpa.autoconfigure.JpaBaseConfiguration$JpaWebConfiguration - spring.jpa.open-in-view is enabled by default. Therefore, database queries may be performed during view rendering. Explicitly configure spring.jpa.open-in-view to disable this warning
2026-09-09 16:24:18.647 [main] INFO  org.springframework.security.config.annotation.authentication.configuration.InitializeUserDetailsBeanManagerConfigurer$InitializeUserDetailsManagerConfigurer - Global AuthenticationManager configured with UserDetailsService bean with name customUserDetailsService
2026-09-09 16:24:19.242 [main] INFO  org.springframework.boot.actuate.endpoint.web.EndpointLinksResolver - Exposing 1 endpoint beneath base path '/actuator'
2026-09-09 16:24:19.290 [main] INFO  org.apache.coyote.http11.Http11NioProtocol - Starting ProtocolHandler ["http-nio-8080"]
2026-09-09 16:24:19.297 [main] INFO  org.springframework.boot.tomcat.TomcatWebServer - Tomcat started on port 8080 (http) with context path '/'
2026-09-09 16:24:19.303 [main] INFO  uz.poster.integration.PosterIntegrationApplication - Started PosterIntegrationApplication in 4.369 seconds (process running for 4.717)
2026-09-09 16:24:19.307 [main] WARN  org.springdoc.core.events.SpringDocAppInitializer - SpringDoc /v3/api-docs endpoint is enabled by default. To disable it in production, set the property 'springdoc.api-docs.enabled=false'
2026-09-09 16:24:19.307 [main] WARN  org.springdoc.core.events.SpringDocAppInitializer - SpringDoc /swagger-ui.html endpoint is enabled by default. To disable it in production, set the property 'springdoc.swagger-ui.enabled=false'
2026-09-09 16:24:19.787 [RMI TCP Connection(1)-127.0.0.1] INFO  org.apache.catalina.core.ContainerBase.[Tomcat].[localhost].[/] - Initializing Spring DispatcherServlet 'dispatcherServlet'
2026-09-09 16:24:19.787 [RMI TCP Connection(1)-127.0.0.1] INFO  org.springframework.web.servlet.DispatcherServlet - Initializing Servlet 'dispatcherServlet'
2026-09-09 16:24:19.789 [RMI TCP Connection(1)-127.0.0.1] INFO  org.springframework.web.servlet.DispatcherServlet - Completed initialization in 2 ms
2026-09-09 16:24:43.830 [http-nio-8080-exec-9] INFO  org.springdoc.api.AbstractOpenApiResource - Init duration for springdoc-openapi is: 181 ms
2026-09-09 16:24:46.409 [http-nio-8080-exec-10] INFO  org.springdoc.api.AbstractOpenApiResource - Init duration for springdoc-openapi is: 42 ms
2026-09-09 16:26:30.809 [http-nio-8080-exec-6] DEBUG org.hibernate.SQL - select us1_0."id",us1_0."createdAt",us1_0.device_id,us1_0.device_name,us1_0.expires_at,us1_0.ip_address,us1_0.last_access_at,us1_0.platform,us1_0.refresh_token_hash,us1_0.revoked_at,us1_0.status,us1_0."updatedAt",us1_0.user_id,us1_0.user_agent from user_session us1_0 where us1_0."id"=? and us1_0.user_id=?
2026-09-09 16:26:30.810 [http-nio-8080-exec-6] TRACE org.hibernate.orm.jdbc.bind - binding parameter (1:VARCHAR) <- [d16eb40a-e321-4866-8597-7f362665775c]
2026-09-09 16:26:30.810 [http-nio-8080-exec-6] TRACE org.hibernate.orm.jdbc.bind - binding parameter (2:VARCHAR) <- [4a49bf3c-f69e-48d5-aa7d-a12522c8e655]
2026-09-09 16:26:30.838 [http-nio-8080-exec-6] DEBUG org.hibernate.SQL - select u1_0."id",u1_0.ban_reason,u1_0.banned_at,u1_0."createdAt",u1_0.first_name,u1_0.last_name,u1_0.phone,u1_0.phone_verified,u1_0.role,u1_0."updatedAt",u1_0.verified,u1_0.verified_at from users u1_0 where u1_0."id"=?
2026-09-09 16:26:30.839 [http-nio-8080-exec-6] TRACE org.hibernate.orm.jdbc.bind - binding parameter (1:VARCHAR) <- [4a49bf3c-f69e-48d5-aa7d-a12522c8e655]
2026-09-09 16:27:27.022 [SpringApplicationShutdownHook] INFO  org.springframework.boot.tomcat.GracefulShutdown - Commencing graceful shutdown. Waiting for active requests to complete
2026-09-09 16:27:27.024 [tomcat-shutdown] INFO  org.springframework.boot.tomcat.GracefulShutdown - Graceful shutdown complete
2026-09-09 16:27:27.035 [SpringApplicationShutdownHook] INFO  org.springframework.orm.jpa.LocalContainerEntityManagerFactoryBean - Closing JPA EntityManagerFactory for persistence unit 'default'
2026-09-09 16:27:27.037 [SpringApplicationShutdownHook] INFO  com.zaxxer.hikari.HikariDataSource - HikariPool-1 - Shutdown initiated...
2026-09-09 16:27:27.038 [SpringApplicationShutdownHook] INFO  com.zaxxer.hikari.HikariDataSource - HikariPool-1 - Shutdown completed.
2026-09-09 16:27:29.624 [main] INFO  uz.poster.integration.PosterIntegrationApplication - Starting PosterIntegrationApplication using Java 21.0.10 with PID 44532 (/home/bobur/Downloads/Poster Integration/Poster-Integration/build/classes/java/main started by bobur in /home/bobur/Downloads/Poster Integration/Poster-Integration)
2026-09-09 16:27:29.626 [main] INFO  uz.poster.integration.PosterIntegrationApplication - The following 1 profile is active: "dev"
2026-09-09 16:27:29.813 [background-preinit] INFO  org.hibernate.validator.internal.util.Version - HV000001: Hibernate Validator 9.1.3.Final
2026-09-09 16:27:30.212 [main] INFO  org.springframework.data.repository.config.RepositoryConfigurationDelegate - Multiple Spring Data modules found, entering strict repository configuration mode
2026-09-09 16:27:30.213 [main] INFO  org.springframework.data.repository.config.RepositoryConfigurationDelegate - Bootstrapping Spring Data JPA repositories in DEFAULT mode.
2026-09-09 16:27:30.308 [main] INFO  org.springframework.data.repository.config.RepositoryConfigurationDelegate - Finished Spring Data repository scanning in 90 ms. Found 3 JPA repository interfaces.
2026-09-09 16:27:30.341 [main] INFO  org.springframework.data.repository.config.RepositoryConfigurationDelegate - Multiple Spring Data modules found, entering strict repository configuration mode
2026-09-09 16:27:30.342 [main] INFO  org.springframework.data.repository.config.RepositoryConfigurationDelegate - Bootstrapping Spring Data Redis repositories in DEFAULT mode.
2026-09-09 16:27:30.353 [main] INFO  org.springframework.data.repository.config.RepositoryConfigurationExtensionSupport - Spring Data Redis - Could not safely identify store assignment for repository candidate interface uz.poster.integration.notification.otp.repository.OtpMessageRepository; If you want this repository to be a Redis repository, consider annotating your entities with one of these annotations: org.springframework.data.redis.core.RedisHash (preferred), or consider extending one of the following types with your repository: org.springframework.data.keyvalue.repository.KeyValueRepository
2026-09-09 16:27:30.353 [main] INFO  org.springframework.data.repository.config.RepositoryConfigurationExtensionSupport - Spring Data Redis - Could not safely identify store assignment for repository candidate interface uz.poster.integration.user.repository.UserRepository; If you want this repository to be a Redis repository, consider annotating your entities with one of these annotations: org.springframework.data.redis.core.RedisHash (preferred), or consider extending one of the following types with your repository: org.springframework.data.keyvalue.repository.KeyValueRepository
2026-09-09 16:27:30.353 [main] INFO  org.springframework.data.repository.config.RepositoryConfigurationExtensionSupport - Spring Data Redis - Could not safely identify store assignment for repository candidate interface uz.poster.integration.user.repository.UserSessionRepository; If you want this repository to be a Redis repository, consider annotating your entities with one of these annotations: org.springframework.data.redis.core.RedisHash (preferred), or consider extending one of the following types with your repository: org.springframework.data.keyvalue.repository.KeyValueRepository
2026-09-09 16:27:30.353 [main] INFO  org.springframework.data.repository.config.RepositoryConfigurationDelegate - Finished Spring Data repository scanning in 5 ms. Found 0 Redis repository interfaces.
2026-09-09 16:27:30.753 [main] INFO  org.springframework.boot.tomcat.TomcatWebServer - Tomcat initialized with port 8080 (http)
2026-09-09 16:27:30.761 [main] INFO  org.apache.coyote.http11.Http11NioProtocol - Initializing ProtocolHandler ["http-nio-8080"]
2026-09-09 16:27:30.761 [main] INFO  org.apache.catalina.core.StandardService - Starting service [Tomcat]
2026-09-09 16:27:30.761 [main] INFO  org.apache.catalina.core.StandardEngine - Starting Servlet engine: [Apache Tomcat/11.0.24]
2026-09-09 16:27:30.787 [main] INFO  org.springframework.boot.web.context.servlet.WebApplicationContextInitializer - Root WebApplicationContext: initialization completed in 1135 ms
2026-09-09 16:27:30.924 [main] INFO  org.hibernate.orm.jpa - HHH008540: Processing PersistenceUnitInfo [name: default]
2026-09-09 16:27:30.953 [main] INFO  org.hibernate.orm.core - HHH000001: Hibernate ORM core version 7.4.5.Final
2026-09-09 16:27:31.183 [main] INFO  org.springframework.orm.jpa.persistenceunit.SpringPersistenceUnitInfo - No LoadTimeWeaver setup: ignoring JPA class transformer
2026-09-09 16:27:31.205 [main] WARN  com.zaxxer.hikari.HikariConfig - HikariPool-1 - keepaliveTime is greater than or equal to maxLifetime, disabling it.
2026-09-09 16:27:31.206 [main] WARN  com.zaxxer.hikari.HikariConfig - HikariPool-1 - leakDetectionThreshold is less than 2000ms or more than maxLifetime, disabling it.
2026-09-09 16:27:31.206 [main] INFO  com.zaxxer.hikari.HikariDataSource - HikariPool-1 - Starting...
2026-09-09 16:27:31.405 [main] INFO  com.zaxxer.hikari.pool.HikariPool - HikariPool-1 - Added connection org.postgresql.jdbc.PgConnection@7bdddfa4
2026-09-09 16:27:31.406 [main] INFO  com.zaxxer.hikari.HikariDataSource - HikariPool-1 - Start completed.
2026-09-09 16:27:31.450 [main] INFO  org.hibernate.orm.connections.pooling - HHH10001005: Database info:
	Database JDBC URL [jdbc:postgresql://localhost:5432/poster_db]
	Database driver: PostgreSQL JDBC Driver
	Database dialect: PostgreSQLDialect
	Database version: 16.15
	Default catalog/schema: poster_db/public
	Autocommit mode: undefined/unknown
	Isolation level: READ_COMMITTED [default READ_COMMITTED]
	JDBC fetch size: none
	Pool: DataSourceConnectionProvider
	Minimum pool size: undefined/unknown
	Maximum pool size: undefined/unknown
2026-09-09 16:27:32.144 [main] INFO  org.hibernate.orm.core - HHH000489: No JTA platform available (set 'hibernate.transaction.jta.platform' to enable JTA platform integration)
2026-09-09 16:27:32.194 [main] INFO  org.springframework.orm.jpa.LocalContainerEntityManagerFactoryBean - Initialized JPA EntityManagerFactory for persistence unit 'default'
2026-09-09 16:27:32.243 [main] INFO  org.springframework.data.jpa.repository.query.QueryEnhancerFactories - Hibernate is in classpath; If applicable, HQL parser will be used.
2026-09-09 16:27:33.033 [main] WARN  org.springframework.boot.jpa.autoconfigure.JpaBaseConfiguration$JpaWebConfiguration - spring.jpa.open-in-view is enabled by default. Therefore, database queries may be performed during view rendering. Explicitly configure spring.jpa.open-in-view to disable this warning
2026-09-09 16:27:33.106 [main] INFO  org.springframework.security.config.annotation.authentication.configuration.InitializeUserDetailsBeanManagerConfigurer$InitializeUserDetailsManagerConfigurer - Global AuthenticationManager configured with UserDetailsService bean with name customUserDetailsService
2026-09-09 16:27:33.693 [main] INFO  org.springframework.boot.actuate.endpoint.web.EndpointLinksResolver - Exposing 1 endpoint beneath base path '/actuator'
2026-09-09 16:27:33.753 [main] INFO  org.apache.coyote.http11.Http11NioProtocol - Starting ProtocolHandler ["http-nio-8080"]
2026-09-09 16:27:33.760 [main] INFO  org.springframework.boot.tomcat.TomcatWebServer - Tomcat started on port 8080 (http) with context path '/'
2026-09-09 16:27:33.767 [main] INFO  uz.poster.integration.PosterIntegrationApplication - Started PosterIntegrationApplication in 4.421 seconds (process running for 4.75)
2026-09-09 16:27:33.770 [main] WARN  org.springdoc.core.events.SpringDocAppInitializer - SpringDoc /v3/api-docs endpoint is enabled by default. To disable it in production, set the property 'springdoc.api-docs.enabled=false'
2026-09-09 16:27:33.770 [main] WARN  org.springdoc.core.events.SpringDocAppInitializer - SpringDoc /swagger-ui.html endpoint is enabled by default. To disable it in production, set the property 'springdoc.swagger-ui.enabled=false'
2026-09-09 16:27:34.164 [RMI TCP Connection(1)-127.0.0.1] INFO  org.apache.catalina.core.ContainerBase.[Tomcat].[localhost].[/] - Initializing Spring DispatcherServlet 'dispatcherServlet'
2026-09-09 16:27:34.164 [RMI TCP Connection(1)-127.0.0.1] INFO  org.springframework.web.servlet.DispatcherServlet - Initializing Servlet 'dispatcherServlet'
2026-09-09 16:27:34.165 [RMI TCP Connection(1)-127.0.0.1] INFO  org.springframework.web.servlet.DispatcherServlet - Completed initialization in 1 ms
2026-09-09 16:27:40.009 [http-nio-8080-exec-1] DEBUG org.hibernate.SQL - select us1_0."id",us1_0."createdAt",us1_0.device_id,us1_0.device_name,us1_0.expires_at,us1_0.ip_address,us1_0.last_access_at,us1_0.platform,us1_0.refresh_token_hash,us1_0.revoked_at,us1_0.status,us1_0."updatedAt",us1_0.user_id,us1_0.user_agent from user_session us1_0 where us1_0."id"=? and us1_0.user_id=?
2026-09-09 16:27:40.010 [http-nio-8080-exec-1] TRACE org.hibernate.orm.jdbc.bind - binding parameter (1:VARCHAR) <- [d16eb40a-e321-4866-8597-7f362665775c]
2026-09-09 16:27:40.010 [http-nio-8080-exec-1] TRACE org.hibernate.orm.jdbc.bind - binding parameter (2:VARCHAR) <- [4a49bf3c-f69e-48d5-aa7d-a12522c8e655]
2026-09-09 16:27:40.042 [http-nio-8080-exec-1] DEBUG org.hibernate.SQL - select u1_0."id",u1_0.ban_reason,u1_0.banned_at,u1_0."createdAt",u1_0.first_name,u1_0.last_name,u1_0.phone,u1_0.phone_verified,u1_0.role,u1_0."updatedAt",u1_0.verified,u1_0.verified_at from users u1_0 where u1_0."id"=?
2026-09-09 16:27:40.043 [http-nio-8080-exec-1] TRACE org.hibernate.orm.jdbc.bind - binding parameter (1:VARCHAR) <- [4a49bf3c-f69e-48d5-aa7d-a12522c8e655]
2026-09-09 16:31:13.376 [SpringApplicationShutdownHook] INFO  org.springframework.boot.tomcat.GracefulShutdown - Commencing graceful shutdown. Waiting for active requests to complete
2026-09-09 16:31:13.377 [tomcat-shutdown] INFO  org.springframework.boot.tomcat.GracefulShutdown - Graceful shutdown complete
2026-09-09 16:31:13.388 [SpringApplicationShutdownHook] INFO  org.springframework.orm.jpa.LocalContainerEntityManagerFactoryBean - Closing JPA EntityManagerFactory for persistence unit 'default'
2026-09-09 16:31:13.390 [SpringApplicationShutdownHook] INFO  com.zaxxer.hikari.HikariDataSource - HikariPool-1 - Shutdown initiated...
2026-09-09 16:31:13.391 [SpringApplicationShutdownHook] INFO  com.zaxxer.hikari.HikariDataSource - HikariPool-1 - Shutdown completed.
2026-09-09 16:31:16.235 [main] INFO  uz.poster.integration.PosterIntegrationApplication - Starting PosterIntegrationApplication using Java 21.0.10 with PID 44934 (/home/bobur/Downloads/Poster Integration/Poster-Integration/build/classes/java/main started by bobur in /home/bobur/Downloads/Poster Integration/Poster-Integration)
2026-09-09 16:31:16.236 [main] INFO  uz.poster.integration.PosterIntegrationApplication - The following 1 profile is active: "dev"
2026-09-09 16:31:16.417 [background-preinit] INFO  org.hibernate.validator.internal.util.Version - HV000001: Hibernate Validator 9.1.3.Final
2026-09-09 16:31:16.808 [main] INFO  org.springframework.data.repository.config.RepositoryConfigurationDelegate - Multiple Spring Data modules found, entering strict repository configuration mode
2026-09-09 16:31:16.809 [main] INFO  org.springframework.data.repository.config.RepositoryConfigurationDelegate - Bootstrapping Spring Data JPA repositories in DEFAULT mode.
2026-09-09 16:31:16.882 [main] INFO  org.springframework.data.repository.config.RepositoryConfigurationDelegate - Finished Spring Data repository scanning in 69 ms. Found 3 JPA repository interfaces.
2026-09-09 16:31:16.908 [main] INFO  org.springframework.data.repository.config.RepositoryConfigurationDelegate - Multiple Spring Data modules found, entering strict repository configuration mode
2026-09-09 16:31:16.908 [main] INFO  org.springframework.data.repository.config.RepositoryConfigurationDelegate - Bootstrapping Spring Data Redis repositories in DEFAULT mode.
2026-09-09 16:31:16.918 [main] INFO  org.springframework.data.repository.config.RepositoryConfigurationExtensionSupport - Spring Data Redis - Could not safely identify store assignment for repository candidate interface uz.poster.integration.notification.otp.repository.OtpMessageRepository; If you want this repository to be a Redis repository, consider annotating your entities with one of these annotations: org.springframework.data.redis.core.RedisHash (preferred), or consider extending one of the following types with your repository: org.springframework.data.keyvalue.repository.KeyValueRepository
2026-09-09 16:31:16.918 [main] INFO  org.springframework.data.repository.config.RepositoryConfigurationExtensionSupport - Spring Data Redis - Could not safely identify store assignment for repository candidate interface uz.poster.integration.user.repository.UserRepository; If you want this repository to be a Redis repository, consider annotating your entities with one of these annotations: org.springframework.data.redis.core.RedisHash (preferred), or consider extending one of the following types with your repository: org.springframework.data.keyvalue.repository.KeyValueRepository
2026-09-09 16:31:16.918 [main] INFO  org.springframework.data.repository.config.RepositoryConfigurationExtensionSupport - Spring Data Redis - Could not safely identify store assignment for repository candidate interface uz.poster.integration.user.repository.UserSessionRepository; If you want this repository to be a Redis repository, consider annotating your entities with one of these annotations: org.springframework.data.redis.core.RedisHash (preferred), or consider extending one of the following types with your repository: org.springframework.data.keyvalue.repository.KeyValueRepository
2026-09-09 16:31:16.918 [main] INFO  org.springframework.data.repository.config.RepositoryConfigurationDelegate - Finished Spring Data repository scanning in 4 ms. Found 0 Redis repository interfaces.
2026-09-09 16:31:17.319 [main] INFO  org.springframework.boot.tomcat.TomcatWebServer - Tomcat initialized with port 8080 (http)
2026-09-09 16:31:17.326 [main] INFO  org.apache.coyote.http11.Http11NioProtocol - Initializing ProtocolHandler ["http-nio-8080"]
2026-09-09 16:31:17.327 [main] INFO  org.apache.catalina.core.StandardService - Starting service [Tomcat]
2026-09-09 16:31:17.327 [main] INFO  org.apache.catalina.core.StandardEngine - Starting Servlet engine: [Apache Tomcat/11.0.24]
2026-09-09 16:31:17.352 [main] INFO  org.springframework.boot.web.context.servlet.WebApplicationContextInitializer - Root WebApplicationContext: initialization completed in 1093 ms
2026-09-09 16:31:17.489 [main] INFO  org.hibernate.orm.jpa - HHH008540: Processing PersistenceUnitInfo [name: default]
2026-09-09 16:31:17.518 [main] INFO  org.hibernate.orm.core - HHH000001: Hibernate ORM core version 7.4.5.Final
2026-09-09 16:31:17.742 [main] INFO  org.springframework.orm.jpa.persistenceunit.SpringPersistenceUnitInfo - No LoadTimeWeaver setup: ignoring JPA class transformer
2026-09-09 16:31:17.765 [main] WARN  com.zaxxer.hikari.HikariConfig - HikariPool-1 - keepaliveTime is greater than or equal to maxLifetime, disabling it.
2026-09-09 16:31:17.765 [main] WARN  com.zaxxer.hikari.HikariConfig - HikariPool-1 - leakDetectionThreshold is less than 2000ms or more than maxLifetime, disabling it.
2026-09-09 16:31:17.765 [main] INFO  com.zaxxer.hikari.HikariDataSource - HikariPool-1 - Starting...
2026-09-09 16:31:17.965 [main] INFO  com.zaxxer.hikari.pool.HikariPool - HikariPool-1 - Added connection org.postgresql.jdbc.PgConnection@574e4184
2026-09-09 16:31:17.966 [main] INFO  com.zaxxer.hikari.HikariDataSource - HikariPool-1 - Start completed.
2026-09-09 16:31:18.007 [main] INFO  org.hibernate.orm.connections.pooling - HHH10001005: Database info:
	Database JDBC URL [jdbc:postgresql://localhost:5432/poster_db]
	Database driver: PostgreSQL JDBC Driver
	Database dialect: PostgreSQLDialect
	Database version: 16.15
	Default catalog/schema: poster_db/public
	Autocommit mode: undefined/unknown
	Isolation level: READ_COMMITTED [default READ_COMMITTED]
	JDBC fetch size: none
	Pool: DataSourceConnectionProvider
	Minimum pool size: undefined/unknown
	Maximum pool size: undefined/unknown
2026-09-09 16:31:18.697 [main] INFO  org.hibernate.orm.core - HHH000489: No JTA platform available (set 'hibernate.transaction.jta.platform' to enable JTA platform integration)
2026-09-09 16:31:18.749 [main] INFO  org.springframework.orm.jpa.LocalContainerEntityManagerFactoryBean - Initialized JPA EntityManagerFactory for persistence unit 'default'
2026-09-09 16:31:18.796 [main] INFO  org.springframework.data.jpa.repository.query.QueryEnhancerFactories - Hibernate is in classpath; If applicable, HQL parser will be used.
2026-09-09 16:31:19.578 [main] WARN  org.springframework.boot.jpa.autoconfigure.JpaBaseConfiguration$JpaWebConfiguration - spring.jpa.open-in-view is enabled by default. Therefore, database queries may be performed during view rendering. Explicitly configure spring.jpa.open-in-view to disable this warning
2026-09-09 16:31:19.665 [main] INFO  org.springframework.security.config.annotation.authentication.configuration.InitializeUserDetailsBeanManagerConfigurer$InitializeUserDetailsManagerConfigurer - Global AuthenticationManager configured with UserDetailsService bean with name customUserDetailsService
2026-09-09 16:31:20.245 [main] INFO  org.springframework.boot.actuate.endpoint.web.EndpointLinksResolver - Exposing 1 endpoint beneath base path '/actuator'
2026-09-09 16:31:20.300 [main] INFO  org.apache.coyote.http11.Http11NioProtocol - Starting ProtocolHandler ["http-nio-8080"]
2026-09-09 16:31:20.307 [main] INFO  org.springframework.boot.tomcat.TomcatWebServer - Tomcat started on port 8080 (http) with context path '/'
2026-09-09 16:31:20.313 [main] INFO  uz.poster.integration.PosterIntegrationApplication - Started PosterIntegrationApplication in 4.362 seconds (process running for 4.741)
2026-09-09 16:31:20.317 [main] WARN  org.springdoc.core.events.SpringDocAppInitializer - SpringDoc /v3/api-docs endpoint is enabled by default. To disable it in production, set the property 'springdoc.api-docs.enabled=false'
2026-09-09 16:31:20.317 [main] WARN  org.springdoc.core.events.SpringDocAppInitializer - SpringDoc /swagger-ui.html endpoint is enabled by default. To disable it in production, set the property 'springdoc.swagger-ui.enabled=false'
2026-09-09 16:31:20.702 [RMI TCP Connection(4)-127.0.0.1] INFO  org.apache.catalina.core.ContainerBase.[Tomcat].[localhost].[/] - Initializing Spring DispatcherServlet 'dispatcherServlet'
2026-09-09 16:31:20.702 [RMI TCP Connection(4)-127.0.0.1] INFO  org.springframework.web.servlet.DispatcherServlet - Initializing Servlet 'dispatcherServlet'
2026-09-09 16:31:20.704 [RMI TCP Connection(4)-127.0.0.1] INFO  org.springframework.web.servlet.DispatcherServlet - Completed initialization in 2 ms
2026-09-09 16:31:43.179 [http-nio-8080-exec-1] DEBUG org.hibernate.SQL - select us1_0."id",us1_0."createdAt",us1_0.device_id,us1_0.device_name,us1_0.expires_at,us1_0.ip_address,us1_0.last_access_at,us1_0.platform,us1_0.refresh_token_hash,us1_0.revoked_at,us1_0.status,us1_0."updatedAt",us1_0.user_id,us1_0.user_agent from user_session us1_0 where us1_0."id"=? and us1_0.user_id=?
2026-09-09 16:31:43.180 [http-nio-8080-exec-1] TRACE org.hibernate.orm.jdbc.bind - binding parameter (1:VARCHAR) <- [d16eb40a-e321-4866-8597-7f362665775c]
2026-09-09 16:31:43.180 [http-nio-8080-exec-1] TRACE org.hibernate.orm.jdbc.bind - binding parameter (2:VARCHAR) <- [4a49bf3c-f69e-48d5-aa7d-a12522c8e655]
2026-09-09 16:31:43.211 [http-nio-8080-exec-1] DEBUG org.hibernate.SQL - select u1_0."id",u1_0.ban_reason,u1_0.banned_at,u1_0."createdAt",u1_0.first_name,u1_0.last_name,u1_0.phone,u1_0.phone_verified,u1_0.role,u1_0."updatedAt",u1_0.verified,u1_0.verified_at from users u1_0 where u1_0."id"=?
2026-09-09 16:31:43.211 [http-nio-8080-exec-1] TRACE org.hibernate.orm.jdbc.bind - binding parameter (1:VARCHAR) <- [4a49bf3c-f69e-48d5-aa7d-a12522c8e655]
2026-09-09 17:01:29.743 [SpringApplicationShutdownHook] INFO  org.springframework.boot.tomcat.GracefulShutdown - Commencing graceful shutdown. Waiting for active requests to complete
2026-09-09 17:01:29.749 [tomcat-shutdown] INFO  org.springframework.boot.tomcat.GracefulShutdown - Graceful shutdown complete
2026-09-09 17:01:29.815 [SpringApplicationShutdownHook] INFO  org.springframework.orm.jpa.LocalContainerEntityManagerFactoryBean - Closing JPA EntityManagerFactory for persistence unit 'default'
2026-09-09 17:01:29.827 [SpringApplicationShutdownHook] INFO  com.zaxxer.hikari.HikariDataSource - HikariPool-1 - Shutdown initiated...
2026-09-09 17:01:29.829 [SpringApplicationShutdownHook] INFO  com.zaxxer.hikari.HikariDataSource - HikariPool-1 - Shutdown completed.
2026-09-09 17:01:32.899 [main] INFO  uz.poster.integration.PosterIntegrationApplication - Starting PosterIntegrationApplication using Java 21.0.10 with PID 47181 (/home/bobur/Downloads/Poster Integration/Poster-Integration/build/classes/java/main started by bobur in /home/bobur/Downloads/Poster Integration/Poster-Integration)
2026-09-09 17:01:32.901 [main] INFO  uz.poster.integration.PosterIntegrationApplication - The following 1 profile is active: "dev"
2026-09-09 17:01:33.091 [background-preinit] INFO  org.hibernate.validator.internal.util.Version - HV000001: Hibernate Validator 9.1.3.Final
2026-09-09 17:01:33.493 [main] INFO  org.springframework.data.repository.config.RepositoryConfigurationDelegate - Multiple Spring Data modules found, entering strict repository configuration mode
2026-09-09 17:01:33.494 [main] INFO  org.springframework.data.repository.config.RepositoryConfigurationDelegate - Bootstrapping Spring Data JPA repositories in DEFAULT mode.
2026-09-09 17:01:33.573 [main] INFO  org.springframework.data.repository.config.RepositoryConfigurationDelegate - Finished Spring Data repository scanning in 74 ms. Found 3 JPA repository interfaces.
2026-09-09 17:01:33.600 [main] INFO  org.springframework.data.repository.config.RepositoryConfigurationDelegate - Multiple Spring Data modules found, entering strict repository configuration mode
2026-09-09 17:01:33.601 [main] INFO  org.springframework.data.repository.config.RepositoryConfigurationDelegate - Bootstrapping Spring Data Redis repositories in DEFAULT mode.
2026-09-09 17:01:33.611 [main] INFO  org.springframework.data.repository.config.RepositoryConfigurationExtensionSupport - Spring Data Redis - Could not safely identify store assignment for repository candidate interface uz.poster.integration.notification.otp.repository.OtpMessageRepository; If you want this repository to be a Redis repository, consider annotating your entities with one of these annotations: org.springframework.data.redis.core.RedisHash (preferred), or consider extending one of the following types with your repository: org.springframework.data.keyvalue.repository.KeyValueRepository
2026-09-09 17:01:33.611 [main] INFO  org.springframework.data.repository.config.RepositoryConfigurationExtensionSupport - Spring Data Redis - Could not safely identify store assignment for repository candidate interface uz.poster.integration.user.repository.UserRepository; If you want this repository to be a Redis repository, consider annotating your entities with one of these annotations: org.springframework.data.redis.core.RedisHash (preferred), or consider extending one of the following types with your repository: org.springframework.data.keyvalue.repository.KeyValueRepository
2026-09-09 17:01:33.612 [main] INFO  org.springframework.data.repository.config.RepositoryConfigurationExtensionSupport - Spring Data Redis - Could not safely identify store assignment for repository candidate interface uz.poster.integration.user.repository.UserSessionRepository; If you want this repository to be a Redis repository, consider annotating your entities with one of these annotations: org.springframework.data.redis.core.RedisHash (preferred), or consider extending one of the following types with your repository: org.springframework.data.keyvalue.repository.KeyValueRepository
2026-09-09 17:01:33.612 [main] INFO  org.springframework.data.repository.config.RepositoryConfigurationDelegate - Finished Spring Data repository scanning in 4 ms. Found 0 Redis repository interfaces.
2026-09-09 17:01:34.006 [main] INFO  org.springframework.boot.tomcat.TomcatWebServer - Tomcat initialized with port 8080 (http)
2026-09-09 17:01:34.013 [main] INFO  org.apache.coyote.http11.Http11NioProtocol - Initializing ProtocolHandler ["http-nio-8080"]
2026-09-09 17:01:34.014 [main] INFO  org.apache.catalina.core.StandardService - Starting service [Tomcat]
2026-09-09 17:01:34.014 [main] INFO  org.apache.catalina.core.StandardEngine - Starting Servlet engine: [Apache Tomcat/11.0.24]
2026-09-09 17:01:34.038 [main] INFO  org.springframework.boot.web.context.servlet.WebApplicationContextInitializer - Root WebApplicationContext: initialization completed in 1113 ms
2026-09-09 17:01:34.173 [main] INFO  org.hibernate.orm.jpa - HHH008540: Processing PersistenceUnitInfo [name: default]
2026-09-09 17:01:34.216 [main] INFO  org.hibernate.orm.core - HHH000001: Hibernate ORM core version 7.4.5.Final
2026-09-09 17:01:34.459 [main] INFO  org.springframework.orm.jpa.persistenceunit.SpringPersistenceUnitInfo - No LoadTimeWeaver setup: ignoring JPA class transformer
2026-09-09 17:01:34.481 [main] WARN  com.zaxxer.hikari.HikariConfig - HikariPool-1 - keepaliveTime is greater than or equal to maxLifetime, disabling it.
2026-09-09 17:01:34.481 [main] WARN  com.zaxxer.hikari.HikariConfig - HikariPool-1 - leakDetectionThreshold is less than 2000ms or more than maxLifetime, disabling it.
2026-09-09 17:01:34.481 [main] INFO  com.zaxxer.hikari.HikariDataSource - HikariPool-1 - Starting...
2026-09-09 17:01:34.714 [main] INFO  com.zaxxer.hikari.pool.HikariPool - HikariPool-1 - Added connection org.postgresql.jdbc.PgConnection@4f5df012
2026-09-09 17:01:34.715 [main] INFO  com.zaxxer.hikari.HikariDataSource - HikariPool-1 - Start completed.
2026-09-09 17:01:34.776 [main] INFO  org.hibernate.orm.connections.pooling - HHH10001005: Database info:
	Database JDBC URL [jdbc:postgresql://localhost:5432/poster_db]
	Database driver: PostgreSQL JDBC Driver
	Database dialect: PostgreSQLDialect
	Database version: 16.15
	Default catalog/schema: poster_db/public
	Autocommit mode: undefined/unknown
	Isolation level: READ_COMMITTED [default READ_COMMITTED]
	JDBC fetch size: none
	Pool: DataSourceConnectionProvider
	Minimum pool size: undefined/unknown
	Maximum pool size: undefined/unknown
2026-09-09 17:01:35.520 [main] INFO  org.hibernate.orm.core - HHH000489: No JTA platform available (set 'hibernate.transaction.jta.platform' to enable JTA platform integration)
2026-09-09 17:01:35.599 [main] INFO  org.springframework.orm.jpa.LocalContainerEntityManagerFactoryBean - Initialized JPA EntityManagerFactory for persistence unit 'default'
2026-09-09 17:01:35.647 [main] INFO  org.springframework.data.jpa.repository.query.QueryEnhancerFactories - Hibernate is in classpath; If applicable, HQL parser will be used.
2026-09-09 17:01:36.520 [main] WARN  org.springframework.boot.jpa.autoconfigure.JpaBaseConfiguration$JpaWebConfiguration - spring.jpa.open-in-view is enabled by default. Therefore, database queries may be performed during view rendering. Explicitly configure spring.jpa.open-in-view to disable this warning
2026-09-09 17:01:36.593 [main] INFO  org.springframework.security.config.annotation.authentication.configuration.InitializeUserDetailsBeanManagerConfigurer$InitializeUserDetailsManagerConfigurer - Global AuthenticationManager configured with UserDetailsService bean with name customUserDetailsService
2026-09-09 17:01:37.167 [main] INFO  org.springframework.boot.actuate.endpoint.web.EndpointLinksResolver - Exposing 1 endpoint beneath base path '/actuator'
2026-09-09 17:01:37.221 [main] INFO  org.apache.coyote.http11.Http11NioProtocol - Starting ProtocolHandler ["http-nio-8080"]
2026-09-09 17:01:37.228 [main] INFO  org.springframework.boot.tomcat.TomcatWebServer - Tomcat started on port 8080 (http) with context path '/'
2026-09-09 17:01:37.235 [main] INFO  uz.poster.integration.PosterIntegrationApplication - Started PosterIntegrationApplication in 4.631 seconds (process running for 5.07)
2026-09-09 17:01:37.239 [main] WARN  org.springdoc.core.events.SpringDocAppInitializer - SpringDoc /v3/api-docs endpoint is enabled by default. To disable it in production, set the property 'springdoc.api-docs.enabled=false'
2026-09-09 17:01:37.239 [main] WARN  org.springdoc.core.events.SpringDocAppInitializer - SpringDoc /swagger-ui.html endpoint is enabled by default. To disable it in production, set the property 'springdoc.swagger-ui.enabled=false'
2026-09-09 17:01:37.807 [RMI TCP Connection(1)-127.0.0.1] INFO  org.apache.catalina.core.ContainerBase.[Tomcat].[localhost].[/] - Initializing Spring DispatcherServlet 'dispatcherServlet'
2026-09-09 17:01:37.807 [RMI TCP Connection(1)-127.0.0.1] INFO  org.springframework.web.servlet.DispatcherServlet - Initializing Servlet 'dispatcherServlet'
2026-09-09 17:01:37.809 [RMI TCP Connection(1)-127.0.0.1] INFO  org.springframework.web.servlet.DispatcherServlet - Completed initialization in 2 ms
2026-09-09 17:02:29.772 [SpringApplicationShutdownHook] INFO  org.springframework.boot.tomcat.GracefulShutdown - Commencing graceful shutdown. Waiting for active requests to complete
2026-09-09 17:02:29.773 [tomcat-shutdown] INFO  org.springframework.boot.tomcat.GracefulShutdown - Graceful shutdown complete
2026-09-09 17:02:29.784 [SpringApplicationShutdownHook] INFO  org.springframework.orm.jpa.LocalContainerEntityManagerFactoryBean - Closing JPA EntityManagerFactory for persistence unit 'default'
2026-09-09 17:02:29.785 [SpringApplicationShutdownHook] INFO  com.zaxxer.hikari.HikariDataSource - HikariPool-1 - Shutdown initiated...
2026-09-09 17:02:29.786 [SpringApplicationShutdownHook] INFO  com.zaxxer.hikari.HikariDataSource - HikariPool-1 - Shutdown completed.
2026-09-09 17:02:31.573 [main] INFO  uz.poster.integration.PosterIntegrationApplication - Starting PosterIntegrationApplication using Java 21.0.10 with PID 47399 (/home/bobur/Downloads/Poster Integration/Poster-Integration/build/classes/java/main started by bobur in /home/bobur/Downloads/Poster Integration/Poster-Integration)
2026-09-09 17:02:31.574 [main] INFO  uz.poster.integration.PosterIntegrationApplication - The following 1 profile is active: "dev"
2026-09-09 17:02:31.749 [background-preinit] INFO  org.hibernate.validator.internal.util.Version - HV000001: Hibernate Validator 9.1.3.Final
2026-09-09 17:02:32.132 [main] INFO  org.springframework.data.repository.config.RepositoryConfigurationDelegate - Multiple Spring Data modules found, entering strict repository configuration mode
2026-09-09 17:02:32.133 [main] INFO  org.springframework.data.repository.config.RepositoryConfigurationDelegate - Bootstrapping Spring Data JPA repositories in DEFAULT mode.
2026-09-09 17:02:32.201 [main] INFO  org.springframework.data.repository.config.RepositoryConfigurationDelegate - Finished Spring Data repository scanning in 63 ms. Found 3 JPA repository interfaces.
2026-09-09 17:02:32.224 [main] INFO  org.springframework.data.repository.config.RepositoryConfigurationDelegate - Multiple Spring Data modules found, entering strict repository configuration mode
2026-09-09 17:02:32.225 [main] INFO  org.springframework.data.repository.config.RepositoryConfigurationDelegate - Bootstrapping Spring Data Redis repositories in DEFAULT mode.
2026-09-09 17:02:32.234 [main] INFO  org.springframework.data.repository.config.RepositoryConfigurationExtensionSupport - Spring Data Redis - Could not safely identify store assignment for repository candidate interface uz.poster.integration.notification.otp.repository.OtpMessageRepository; If you want this repository to be a Redis repository, consider annotating your entities with one of these annotations: org.springframework.data.redis.core.RedisHash (preferred), or consider extending one of the following types with your repository: org.springframework.data.keyvalue.repository.KeyValueRepository
2026-09-09 17:02:32.235 [main] INFO  org.springframework.data.repository.config.RepositoryConfigurationExtensionSupport - Spring Data Redis - Could not safely identify store assignment for repository candidate interface uz.poster.integration.user.repository.UserRepository; If you want this repository to be a Redis repository, consider annotating your entities with one of these annotations: org.springframework.data.redis.core.RedisHash (preferred), or consider extending one of the following types with your repository: org.springframework.data.keyvalue.repository.KeyValueRepository
2026-09-09 17:02:32.235 [main] INFO  org.springframework.data.repository.config.RepositoryConfigurationExtensionSupport - Spring Data Redis - Could not safely identify store assignment for repository candidate interface uz.poster.integration.user.repository.UserSessionRepository; If you want this repository to be a Redis repository, consider annotating your entities with one of these annotations: org.springframework.data.redis.core.RedisHash (preferred), or consider extending one of the following types with your repository: org.springframework.data.keyvalue.repository.KeyValueRepository
2026-09-09 17:02:32.235 [main] INFO  org.springframework.data.repository.config.RepositoryConfigurationDelegate - Finished Spring Data repository scanning in 4 ms. Found 0 Redis repository interfaces.
2026-09-09 17:02:32.612 [main] INFO  org.springframework.boot.tomcat.TomcatWebServer - Tomcat initialized with port 8080 (http)
2026-09-09 17:02:32.618 [main] INFO  org.apache.coyote.http11.Http11NioProtocol - Initializing ProtocolHandler ["http-nio-8080"]
2026-09-09 17:02:32.619 [main] INFO  org.apache.catalina.core.StandardService - Starting service [Tomcat]
2026-09-09 17:02:32.619 [main] INFO  org.apache.catalina.core.StandardEngine - Starting Servlet engine: [Apache Tomcat/11.0.24]
2026-09-09 17:02:32.642 [main] INFO  org.springframework.boot.web.context.servlet.WebApplicationContextInitializer - Root WebApplicationContext: initialization completed in 1045 ms
2026-09-09 17:02:32.778 [main] INFO  org.hibernate.orm.jpa - HHH008540: Processing PersistenceUnitInfo [name: default]
2026-09-09 17:02:32.808 [main] INFO  org.hibernate.orm.core - HHH000001: Hibernate ORM core version 7.4.5.Final
2026-09-09 17:02:33.040 [main] INFO  org.springframework.orm.jpa.persistenceunit.SpringPersistenceUnitInfo - No LoadTimeWeaver setup: ignoring JPA class transformer
2026-09-09 17:02:33.059 [main] WARN  com.zaxxer.hikari.HikariConfig - HikariPool-1 - keepaliveTime is greater than or equal to maxLifetime, disabling it.
2026-09-09 17:02:33.059 [main] WARN  com.zaxxer.hikari.HikariConfig - HikariPool-1 - leakDetectionThreshold is less than 2000ms or more than maxLifetime, disabling it.
2026-09-09 17:02:33.059 [main] INFO  com.zaxxer.hikari.HikariDataSource - HikariPool-1 - Starting...
2026-09-09 17:02:33.242 [main] INFO  com.zaxxer.hikari.pool.HikariPool - HikariPool-1 - Added connection org.postgresql.jdbc.PgConnection@6cd65042
2026-09-09 17:02:33.243 [main] INFO  com.zaxxer.hikari.HikariDataSource - HikariPool-1 - Start completed.
2026-09-09 17:02:33.287 [main] INFO  org.hibernate.orm.connections.pooling - HHH10001005: Database info:
	Database JDBC URL [jdbc:postgresql://localhost:5432/poster_db]
	Database driver: PostgreSQL JDBC Driver
	Database dialect: PostgreSQLDialect
	Database version: 16.15
	Default catalog/schema: poster_db/public
	Autocommit mode: undefined/unknown
	Isolation level: READ_COMMITTED [default READ_COMMITTED]
	JDBC fetch size: none
	Pool: DataSourceConnectionProvider
	Minimum pool size: undefined/unknown
	Maximum pool size: undefined/unknown
2026-09-09 17:02:33.967 [main] INFO  org.hibernate.orm.core - HHH000489: No JTA platform available (set 'hibernate.transaction.jta.platform' to enable JTA platform integration)
2026-09-09 17:02:34.019 [main] INFO  org.springframework.orm.jpa.LocalContainerEntityManagerFactoryBean - Initialized JPA EntityManagerFactory for persistence unit 'default'
2026-09-09 17:02:34.069 [main] INFO  org.springframework.data.jpa.repository.query.QueryEnhancerFactories - Hibernate is in classpath; If applicable, HQL parser will be used.
2026-09-09 17:02:34.908 [main] WARN  org.springframework.boot.jpa.autoconfigure.JpaBaseConfiguration$JpaWebConfiguration - spring.jpa.open-in-view is enabled by default. Therefore, database queries may be performed during view rendering. Explicitly configure spring.jpa.open-in-view to disable this warning
2026-09-09 17:02:34.989 [main] INFO  org.springframework.security.config.annotation.authentication.configuration.InitializeUserDetailsBeanManagerConfigurer$InitializeUserDetailsManagerConfigurer - Global AuthenticationManager configured with UserDetailsService bean with name customUserDetailsService
2026-09-09 17:02:35.591 [main] INFO  org.springframework.boot.actuate.endpoint.web.EndpointLinksResolver - Exposing 1 endpoint beneath base path '/actuator'
2026-09-09 17:02:35.643 [main] INFO  org.apache.coyote.http11.Http11NioProtocol - Starting ProtocolHandler ["http-nio-8080"]
2026-09-09 17:02:35.650 [main] INFO  org.springframework.boot.tomcat.TomcatWebServer - Tomcat started on port 8080 (http) with context path '/'
2026-09-09 17:02:35.657 [main] INFO  uz.poster.integration.PosterIntegrationApplication - Started PosterIntegrationApplication in 4.37 seconds (process running for 4.76)
2026-09-09 17:02:35.660 [main] WARN  org.springdoc.core.events.SpringDocAppInitializer - SpringDoc /v3/api-docs endpoint is enabled by default. To disable it in production, set the property 'springdoc.api-docs.enabled=false'
2026-09-09 17:02:35.660 [main] WARN  org.springdoc.core.events.SpringDocAppInitializer - SpringDoc /swagger-ui.html endpoint is enabled by default. To disable it in production, set the property 'springdoc.swagger-ui.enabled=false'
2026-09-09 17:02:36.039 [RMI TCP Connection(2)-127.0.0.1] INFO  org.apache.catalina.core.ContainerBase.[Tomcat].[localhost].[/] - Initializing Spring DispatcherServlet 'dispatcherServlet'
2026-09-09 17:02:36.039 [RMI TCP Connection(2)-127.0.0.1] INFO  org.springframework.web.servlet.DispatcherServlet - Initializing Servlet 'dispatcherServlet'
2026-09-09 17:02:36.040 [RMI TCP Connection(2)-127.0.0.1] INFO  org.springframework.web.servlet.DispatcherServlet - Completed initialization in 1 ms
2026-09-09 17:05:18.776 [SpringApplicationShutdownHook] INFO  org.springframework.boot.tomcat.GracefulShutdown - Commencing graceful shutdown. Waiting for active requests to complete
2026-09-09 17:05:18.777 [tomcat-shutdown] INFO  org.springframework.boot.tomcat.GracefulShutdown - Graceful shutdown complete
2026-09-09 17:05:18.788 [SpringApplicationShutdownHook] INFO  org.springframework.orm.jpa.LocalContainerEntityManagerFactoryBean - Closing JPA EntityManagerFactory for persistence unit 'default'
2026-09-09 17:05:18.790 [SpringApplicationShutdownHook] INFO  com.zaxxer.hikari.HikariDataSource - HikariPool-1 - Shutdown initiated...
2026-09-09 17:05:18.791 [SpringApplicationShutdownHook] INFO  com.zaxxer.hikari.HikariDataSource - HikariPool-1 - Shutdown completed.
2026-09-09 17:05:20.676 [main] INFO  uz.poster.integration.PosterIntegrationApplication - Starting PosterIntegrationApplication using Java 21.0.10 with PID 47730 (/home/bobur/Downloads/Poster Integration/Poster-Integration/build/classes/java/main started by bobur in /home/bobur/Downloads/Poster Integration/Poster-Integration)
2026-09-09 17:05:20.677 [main] INFO  uz.poster.integration.PosterIntegrationApplication - The following 1 profile is active: "dev"
2026-09-09 17:05:20.858 [background-preinit] INFO  org.hibernate.validator.internal.util.Version - HV000001: Hibernate Validator 9.1.3.Final
2026-09-09 17:05:21.252 [main] INFO  org.springframework.data.repository.config.RepositoryConfigurationDelegate - Multiple Spring Data modules found, entering strict repository configuration mode
2026-09-09 17:05:21.254 [main] INFO  org.springframework.data.repository.config.RepositoryConfigurationDelegate - Bootstrapping Spring Data JPA repositories in DEFAULT mode.
2026-09-09 17:05:21.333 [main] INFO  org.springframework.data.repository.config.RepositoryConfigurationDelegate - Finished Spring Data repository scanning in 74 ms. Found 3 JPA repository interfaces.
2026-09-09 17:05:21.361 [main] INFO  org.springframework.data.repository.config.RepositoryConfigurationDelegate - Multiple Spring Data modules found, entering strict repository configuration mode
2026-09-09 17:05:21.362 [main] INFO  org.springframework.data.repository.config.RepositoryConfigurationDelegate - Bootstrapping Spring Data Redis repositories in DEFAULT mode.
2026-09-09 17:05:21.372 [main] INFO  org.springframework.data.repository.config.RepositoryConfigurationExtensionSupport - Spring Data Redis - Could not safely identify store assignment for repository candidate interface uz.poster.integration.notification.otp.repository.OtpMessageRepository; If you want this repository to be a Redis repository, consider annotating your entities with one of these annotations: org.springframework.data.redis.core.RedisHash (preferred), or consider extending one of the following types with your repository: org.springframework.data.keyvalue.repository.KeyValueRepository
2026-09-09 17:05:21.372 [main] INFO  org.springframework.data.repository.config.RepositoryConfigurationExtensionSupport - Spring Data Redis - Could not safely identify store assignment for repository candidate interface uz.poster.integration.user.repository.UserRepository; If you want this repository to be a Redis repository, consider annotating your entities with one of these annotations: org.springframework.data.redis.core.RedisHash (preferred), or consider extending one of the following types with your repository: org.springframework.data.keyvalue.repository.KeyValueRepository
2026-09-09 17:05:21.372 [main] INFO  org.springframework.data.repository.config.RepositoryConfigurationExtensionSupport - Spring Data Redis - Could not safely identify store assignment for repository candidate interface uz.poster.integration.user.repository.UserSessionRepository; If you want this repository to be a Redis repository, consider annotating your entities with one of these annotations: org.springframework.data.redis.core.RedisHash (preferred), or consider extending one of the following types with your repository: org.springframework.data.keyvalue.repository.KeyValueRepository
2026-09-09 17:05:21.372 [main] INFO  org.springframework.data.repository.config.RepositoryConfigurationDelegate - Finished Spring Data repository scanning in 4 ms. Found 0 Redis repository interfaces.
2026-09-09 17:05:21.755 [main] INFO  org.springframework.boot.tomcat.TomcatWebServer - Tomcat initialized with port 8080 (http)
2026-09-09 17:05:21.761 [main] INFO  org.apache.coyote.http11.Http11NioProtocol - Initializing ProtocolHandler ["http-nio-8080"]
2026-09-09 17:05:21.762 [main] INFO  org.apache.catalina.core.StandardService - Starting service [Tomcat]
2026-09-09 17:05:21.762 [main] INFO  org.apache.catalina.core.StandardEngine - Starting Servlet engine: [Apache Tomcat/11.0.24]
2026-09-09 17:05:21.785 [main] INFO  org.springframework.boot.web.context.servlet.WebApplicationContextInitializer - Root WebApplicationContext: initialization completed in 1084 ms
2026-09-09 17:05:21.919 [main] INFO  org.hibernate.orm.jpa - HHH008540: Processing PersistenceUnitInfo [name: default]
2026-09-09 17:05:21.949 [main] INFO  org.hibernate.orm.core - HHH000001: Hibernate ORM core version 7.4.5.Final
2026-09-09 17:05:22.179 [main] INFO  org.springframework.orm.jpa.persistenceunit.SpringPersistenceUnitInfo - No LoadTimeWeaver setup: ignoring JPA class transformer
2026-09-09 17:05:22.202 [main] WARN  com.zaxxer.hikari.HikariConfig - HikariPool-1 - keepaliveTime is greater than or equal to maxLifetime, disabling it.
2026-09-09 17:05:22.202 [main] WARN  com.zaxxer.hikari.HikariConfig - HikariPool-1 - leakDetectionThreshold is less than 2000ms or more than maxLifetime, disabling it.
2026-09-09 17:05:22.202 [main] INFO  com.zaxxer.hikari.HikariDataSource - HikariPool-1 - Starting...
2026-09-09 17:05:22.402 [main] INFO  com.zaxxer.hikari.pool.HikariPool - HikariPool-1 - Added connection org.postgresql.jdbc.PgConnection@7674f9d4
2026-09-09 17:05:22.403 [main] INFO  com.zaxxer.hikari.HikariDataSource - HikariPool-1 - Start completed.
2026-09-09 17:05:22.442 [main] INFO  org.hibernate.orm.connections.pooling - HHH10001005: Database info:
	Database JDBC URL [jdbc:postgresql://localhost:5432/poster_db]
	Database driver: PostgreSQL JDBC Driver
	Database dialect: PostgreSQLDialect
	Database version: 16.15
	Default catalog/schema: poster_db/public
	Autocommit mode: undefined/unknown
	Isolation level: READ_COMMITTED [default READ_COMMITTED]
	JDBC fetch size: none
	Pool: DataSourceConnectionProvider
	Minimum pool size: undefined/unknown
	Maximum pool size: undefined/unknown
2026-09-09 17:05:23.127 [main] INFO  org.hibernate.orm.core - HHH000489: No JTA platform available (set 'hibernate.transaction.jta.platform' to enable JTA platform integration)
2026-09-09 17:05:23.180 [main] INFO  org.springframework.orm.jpa.LocalContainerEntityManagerFactoryBean - Initialized JPA EntityManagerFactory for persistence unit 'default'
2026-09-09 17:05:23.231 [main] INFO  org.springframework.data.jpa.repository.query.QueryEnhancerFactories - Hibernate is in classpath; If applicable, HQL parser will be used.
2026-09-09 17:05:24.084 [main] WARN  org.springframework.boot.jpa.autoconfigure.JpaBaseConfiguration$JpaWebConfiguration - spring.jpa.open-in-view is enabled by default. Therefore, database queries may be performed during view rendering. Explicitly configure spring.jpa.open-in-view to disable this warning
2026-09-09 17:05:24.156 [main] INFO  org.springframework.security.config.annotation.authentication.configuration.InitializeUserDetailsBeanManagerConfigurer$InitializeUserDetailsManagerConfigurer - Global AuthenticationManager configured with UserDetailsService bean with name customUserDetailsService
2026-09-09 17:05:24.771 [main] INFO  org.springframework.boot.actuate.endpoint.web.EndpointLinksResolver - Exposing 1 endpoint beneath base path '/actuator'
2026-09-09 17:05:24.827 [main] INFO  org.apache.coyote.http11.Http11NioProtocol - Starting ProtocolHandler ["http-nio-8080"]
2026-09-09 17:05:24.834 [main] INFO  org.springframework.boot.tomcat.TomcatWebServer - Tomcat started on port 8080 (http) with context path '/'
2026-09-09 17:05:24.841 [main] INFO  uz.poster.integration.PosterIntegrationApplication - Started PosterIntegrationApplication in 4.459 seconds (process running for 4.805)
2026-09-09 17:05:24.846 [main] WARN  org.springdoc.core.events.SpringDocAppInitializer - SpringDoc /v3/api-docs endpoint is enabled by default. To disable it in production, set the property 'springdoc.api-docs.enabled=false'
2026-09-09 17:05:24.847 [main] WARN  org.springdoc.core.events.SpringDocAppInitializer - SpringDoc /swagger-ui.html endpoint is enabled by default. To disable it in production, set the property 'springdoc.swagger-ui.enabled=false'
2026-09-09 17:05:25.177 [RMI TCP Connection(1)-127.0.0.1] INFO  org.apache.catalina.core.ContainerBase.[Tomcat].[localhost].[/] - Initializing Spring DispatcherServlet 'dispatcherServlet'
2026-09-09 17:05:25.177 [RMI TCP Connection(1)-127.0.0.1] INFO  org.springframework.web.servlet.DispatcherServlet - Initializing Servlet 'dispatcherServlet'
2026-09-09 17:05:25.178 [RMI TCP Connection(1)-127.0.0.1] INFO  org.springframework.web.servlet.DispatcherServlet - Completed initialization in 1 ms
2026-09-09 17:06:09.299 [SpringApplicationShutdownHook] INFO  org.springframework.boot.tomcat.GracefulShutdown - Commencing graceful shutdown. Waiting for active requests to complete
2026-09-09 17:06:09.300 [tomcat-shutdown] INFO  org.springframework.boot.tomcat.GracefulShutdown - Graceful shutdown complete
2026-09-09 17:06:09.312 [SpringApplicationShutdownHook] INFO  org.springframework.orm.jpa.LocalContainerEntityManagerFactoryBean - Closing JPA EntityManagerFactory for persistence unit 'default'
2026-09-09 17:06:09.313 [SpringApplicationShutdownHook] INFO  com.zaxxer.hikari.HikariDataSource - HikariPool-1 - Shutdown initiated...
2026-09-09 17:06:09.315 [SpringApplicationShutdownHook] INFO  com.zaxxer.hikari.HikariDataSource - HikariPool-1 - Shutdown completed.
2026-09-09 17:06:12.979 [main] INFO  uz.poster.integration.PosterIntegrationApplication - Starting PosterIntegrationApplication using Java 21.0.10 with PID 47937 (/home/bobur/Downloads/Poster Integration/Poster-Integration/build/classes/java/main started by bobur in /home/bobur/Downloads/Poster Integration/Poster-Integration)
2026-09-09 17:06:12.981 [main] INFO  uz.poster.integration.PosterIntegrationApplication - The following 1 profile is active: "dev"
2026-09-09 17:06:13.195 [background-preinit] INFO  org.hibernate.validator.internal.util.Version - HV000001: Hibernate Validator 9.1.3.Final
2026-09-09 17:06:13.617 [main] INFO  org.springframework.data.repository.config.RepositoryConfigurationDelegate - Multiple Spring Data modules found, entering strict repository configuration mode
2026-09-09 17:06:13.618 [main] INFO  org.springframework.data.repository.config.RepositoryConfigurationDelegate - Bootstrapping Spring Data JPA repositories in DEFAULT mode.
2026-09-09 17:06:13.712 [main] INFO  org.springframework.data.repository.config.RepositoryConfigurationDelegate - Finished Spring Data repository scanning in 87 ms. Found 3 JPA repository interfaces.
2026-09-09 17:06:13.745 [main] INFO  org.springframework.data.repository.config.RepositoryConfigurationDelegate - Multiple Spring Data modules found, entering strict repository configuration mode
2026-09-09 17:06:13.746 [main] INFO  org.springframework.data.repository.config.RepositoryConfigurationDelegate - Bootstrapping Spring Data Redis repositories in DEFAULT mode.
2026-09-09 17:06:13.756 [main] INFO  org.springframework.data.repository.config.RepositoryConfigurationExtensionSupport - Spring Data Redis - Could not safely identify store assignment for repository candidate interface uz.poster.integration.notification.otp.repository.OtpMessageRepository; If you want this repository to be a Redis repository, consider annotating your entities with one of these annotations: org.springframework.data.redis.core.RedisHash (preferred), or consider extending one of the following types with your repository: org.springframework.data.keyvalue.repository.KeyValueRepository
2026-09-09 17:06:13.757 [main] INFO  org.springframework.data.repository.config.RepositoryConfigurationExtensionSupport - Spring Data Redis - Could not safely identify store assignment for repository candidate interface uz.poster.integration.user.repository.UserRepository; If you want this repository to be a Redis repository, consider annotating your entities with one of these annotations: org.springframework.data.redis.core.RedisHash (preferred), or consider extending one of the following types with your repository: org.springframework.data.keyvalue.repository.KeyValueRepository
2026-09-09 17:06:13.757 [main] INFO  org.springframework.data.repository.config.RepositoryConfigurationExtensionSupport - Spring Data Redis - Could not safely identify store assignment for repository candidate interface uz.poster.integration.user.repository.UserSessionRepository; If you want this repository to be a Redis repository, consider annotating your entities with one of these annotations: org.springframework.data.redis.core.RedisHash (preferred), or consider extending one of the following types with your repository: org.springframework.data.keyvalue.repository.KeyValueRepository
2026-09-09 17:06:13.757 [main] INFO  org.springframework.data.repository.config.RepositoryConfigurationDelegate - Finished Spring Data repository scanning in 4 ms. Found 0 Redis repository interfaces.
2026-09-09 17:06:14.207 [main] INFO  org.springframework.boot.tomcat.TomcatWebServer - Tomcat initialized with port 8080 (http)
2026-09-09 17:06:14.215 [main] INFO  org.apache.coyote.http11.Http11NioProtocol - Initializing ProtocolHandler ["http-nio-8080"]
2026-09-09 17:06:14.216 [main] INFO  org.apache.catalina.core.StandardService - Starting service [Tomcat]
2026-09-09 17:06:14.216 [main] INFO  org.apache.catalina.core.StandardEngine - Starting Servlet engine: [Apache Tomcat/11.0.24]
2026-09-09 17:06:14.249 [main] INFO  org.springframework.boot.web.context.servlet.WebApplicationContextInitializer - Root WebApplicationContext: initialization completed in 1237 ms
2026-09-09 17:06:14.435 [main] INFO  org.hibernate.orm.jpa - HHH008540: Processing PersistenceUnitInfo [name: default]
2026-09-09 17:06:14.473 [main] INFO  org.hibernate.orm.core - HHH000001: Hibernate ORM core version 7.4.5.Final
2026-09-09 17:06:14.783 [main] INFO  org.springframework.orm.jpa.persistenceunit.SpringPersistenceUnitInfo - No LoadTimeWeaver setup: ignoring JPA class transformer
2026-09-09 17:06:14.807 [main] WARN  com.zaxxer.hikari.HikariConfig - HikariPool-1 - keepaliveTime is greater than or equal to maxLifetime, disabling it.
2026-09-09 17:06:14.807 [main] WARN  com.zaxxer.hikari.HikariConfig - HikariPool-1 - leakDetectionThreshold is less than 2000ms or more than maxLifetime, disabling it.
2026-09-09 17:06:14.808 [main] INFO  com.zaxxer.hikari.HikariDataSource - HikariPool-1 - Starting...
2026-09-09 17:06:15.049 [main] INFO  com.zaxxer.hikari.pool.HikariPool - HikariPool-1 - Added connection org.postgresql.jdbc.PgConnection@4cbd17b3
2026-09-09 17:06:15.050 [main] INFO  com.zaxxer.hikari.HikariDataSource - HikariPool-1 - Start completed.
2026-09-09 17:06:15.095 [main] INFO  org.hibernate.orm.connections.pooling - HHH10001005: Database info:
	Database JDBC URL [jdbc:postgresql://localhost:5432/poster_db]
	Database driver: PostgreSQL JDBC Driver
	Database dialect: PostgreSQLDialect
	Database version: 16.15
	Default catalog/schema: poster_db/public
	Autocommit mode: undefined/unknown
	Isolation level: READ_COMMITTED [default READ_COMMITTED]
	JDBC fetch size: none
	Pool: DataSourceConnectionProvider
	Minimum pool size: undefined/unknown
	Maximum pool size: undefined/unknown
2026-09-09 17:06:15.903 [main] INFO  org.hibernate.orm.core - HHH000489: No JTA platform available (set 'hibernate.transaction.jta.platform' to enable JTA platform integration)
2026-09-09 17:06:15.958 [main] INFO  org.springframework.orm.jpa.LocalContainerEntityManagerFactoryBean - Initialized JPA EntityManagerFactory for persistence unit 'default'
2026-09-09 17:06:16.013 [main] INFO  org.springframework.data.jpa.repository.query.QueryEnhancerFactories - Hibernate is in classpath; If applicable, HQL parser will be used.
2026-09-09 17:06:16.931 [main] WARN  org.springframework.boot.jpa.autoconfigure.JpaBaseConfiguration$JpaWebConfiguration - spring.jpa.open-in-view is enabled by default. Therefore, database queries may be performed during view rendering. Explicitly configure spring.jpa.open-in-view to disable this warning
2026-09-09 17:06:17.016 [main] INFO  org.springframework.security.config.annotation.authentication.configuration.InitializeUserDetailsBeanManagerConfigurer$InitializeUserDetailsManagerConfigurer - Global AuthenticationManager configured with UserDetailsService bean with name customUserDetailsService
2026-09-09 17:06:17.716 [main] INFO  org.springframework.boot.actuate.endpoint.web.EndpointLinksResolver - Exposing 1 endpoint beneath base path '/actuator'
2026-09-09 17:06:17.778 [main] INFO  org.apache.coyote.http11.Http11NioProtocol - Starting ProtocolHandler ["http-nio-8080"]
2026-09-09 17:06:17.786 [main] INFO  org.springframework.boot.tomcat.TomcatWebServer - Tomcat started on port 8080 (http) with context path '/'
2026-09-09 17:06:17.794 [main] INFO  uz.poster.integration.PosterIntegrationApplication - Started PosterIntegrationApplication in 5.181 seconds (process running for 6.082)
2026-09-09 17:06:17.798 [main] WARN  org.springdoc.core.events.SpringDocAppInitializer - SpringDoc /v3/api-docs endpoint is enabled by default. To disable it in production, set the property 'springdoc.api-docs.enabled=false'
2026-09-09 17:06:17.799 [main] WARN  org.springdoc.core.events.SpringDocAppInitializer - SpringDoc /swagger-ui.html endpoint is enabled by default. To disable it in production, set the property 'springdoc.swagger-ui.enabled=false'
2026-09-09 17:06:18.111 [RMI TCP Connection(2)-127.0.0.1] INFO  org.apache.catalina.core.ContainerBase.[Tomcat].[localhost].[/] - Initializing Spring DispatcherServlet 'dispatcherServlet'
2026-09-09 17:06:18.112 [RMI TCP Connection(2)-127.0.0.1] INFO  org.springframework.web.servlet.DispatcherServlet - Initializing Servlet 'dispatcherServlet'
2026-09-09 17:06:18.114 [RMI TCP Connection(2)-127.0.0.1] INFO  org.springframework.web.servlet.DispatcherServlet - Completed initialization in 1 ms
2026-09-09 17:10:52.808 [SpringApplicationShutdownHook] INFO  org.springframework.boot.tomcat.GracefulShutdown - Commencing graceful shutdown. Waiting for active requests to complete
2026-09-09 17:10:52.809 [tomcat-shutdown] INFO  org.springframework.boot.tomcat.GracefulShutdown - Graceful shutdown complete
2026-09-09 17:10:52.821 [SpringApplicationShutdownHook] INFO  org.springframework.orm.jpa.LocalContainerEntityManagerFactoryBean - Closing JPA EntityManagerFactory for persistence unit 'default'
2026-09-09 17:10:52.823 [SpringApplicationShutdownHook] INFO  com.zaxxer.hikari.HikariDataSource - HikariPool-1 - Shutdown initiated...
2026-09-09 17:10:52.824 [SpringApplicationShutdownHook] INFO  com.zaxxer.hikari.HikariDataSource - HikariPool-1 - Shutdown completed.
2026-09-09 17:10:56.111 [main] INFO  uz.poster.integration.PosterIntegrationApplication - Starting PosterIntegrationApplication using Java 21.0.10 with PID 48321 (/home/bobur/Downloads/Poster Integration/Poster-Integration/build/classes/java/main started by bobur in /home/bobur/Downloads/Poster Integration/Poster-Integration)
2026-09-09 17:10:56.113 [main] INFO  uz.poster.integration.PosterIntegrationApplication - The following 1 profile is active: "dev"
2026-09-09 17:10:56.298 [background-preinit] INFO  org.hibernate.validator.internal.util.Version - HV000001: Hibernate Validator 9.1.3.Final
2026-09-09 17:10:56.679 [main] INFO  org.springframework.data.repository.config.RepositoryConfigurationDelegate - Multiple Spring Data modules found, entering strict repository configuration mode
2026-09-09 17:10:56.680 [main] INFO  org.springframework.data.repository.config.RepositoryConfigurationDelegate - Bootstrapping Spring Data JPA repositories in DEFAULT mode.
2026-09-09 17:10:56.767 [main] INFO  org.springframework.data.repository.config.RepositoryConfigurationDelegate - Finished Spring Data repository scanning in 81 ms. Found 3 JPA repository interfaces.
2026-09-09 17:10:56.795 [main] INFO  org.springframework.data.repository.config.RepositoryConfigurationDelegate - Multiple Spring Data modules found, entering strict repository configuration mode
2026-09-09 17:10:56.795 [main] INFO  org.springframework.data.repository.config.RepositoryConfigurationDelegate - Bootstrapping Spring Data Redis repositories in DEFAULT mode.
2026-09-09 17:10:56.805 [main] INFO  org.springframework.data.repository.config.RepositoryConfigurationExtensionSupport - Spring Data Redis - Could not safely identify store assignment for repository candidate interface uz.poster.integration.notification.otp.repository.OtpMessageRepository; If you want this repository to be a Redis repository, consider annotating your entities with one of these annotations: org.springframework.data.redis.core.RedisHash (preferred), or consider extending one of the following types with your repository: org.springframework.data.keyvalue.repository.KeyValueRepository
2026-09-09 17:10:56.805 [main] INFO  org.springframework.data.repository.config.RepositoryConfigurationExtensionSupport - Spring Data Redis - Could not safely identify store assignment for repository candidate interface uz.poster.integration.user.repository.UserRepository; If you want this repository to be a Redis repository, consider annotating your entities with one of these annotations: org.springframework.data.redis.core.RedisHash (preferred), or consider extending one of the following types with your repository: org.springframework.data.keyvalue.repository.KeyValueRepository
2026-09-09 17:10:56.805 [main] INFO  org.springframework.data.repository.config.RepositoryConfigurationExtensionSupport - Spring Data Redis - Could not safely identify store assignment for repository candidate interface uz.poster.integration.user.repository.UserSessionRepository; If you want this repository to be a Redis repository, consider annotating your entities with one of these annotations: org.springframework.data.redis.core.RedisHash (preferred), or consider extending one of the following types with your repository: org.springframework.data.keyvalue.repository.KeyValueRepository
2026-09-09 17:10:56.806 [main] INFO  org.springframework.data.repository.config.RepositoryConfigurationDelegate - Finished Spring Data repository scanning in 4 ms. Found 0 Redis repository interfaces.
2026-09-09 17:10:57.193 [main] INFO  org.springframework.boot.tomcat.TomcatWebServer - Tomcat initialized with port 8080 (http)
2026-09-09 17:10:57.201 [main] INFO  org.apache.coyote.http11.Http11NioProtocol - Initializing ProtocolHandler ["http-nio-8080"]
2026-09-09 17:10:57.202 [main] INFO  org.apache.catalina.core.StandardService - Starting service [Tomcat]
2026-09-09 17:10:57.202 [main] INFO  org.apache.catalina.core.StandardEngine - Starting Servlet engine: [Apache Tomcat/11.0.24]
2026-09-09 17:10:57.227 [main] INFO  org.springframework.boot.web.context.servlet.WebApplicationContextInitializer - Root WebApplicationContext: initialization completed in 1090 ms
2026-09-09 17:10:57.374 [main] INFO  org.hibernate.orm.jpa - HHH008540: Processing PersistenceUnitInfo [name: default]
2026-09-09 17:10:57.407 [main] INFO  org.hibernate.orm.core - HHH000001: Hibernate ORM core version 7.4.5.Final
2026-09-09 17:10:57.646 [main] INFO  org.springframework.orm.jpa.persistenceunit.SpringPersistenceUnitInfo - No LoadTimeWeaver setup: ignoring JPA class transformer
2026-09-09 17:10:57.666 [main] WARN  com.zaxxer.hikari.HikariConfig - HikariPool-1 - keepaliveTime is greater than or equal to maxLifetime, disabling it.
2026-09-09 17:10:57.667 [main] WARN  com.zaxxer.hikari.HikariConfig - HikariPool-1 - leakDetectionThreshold is less than 2000ms or more than maxLifetime, disabling it.
2026-09-09 17:10:57.667 [main] INFO  com.zaxxer.hikari.HikariDataSource - HikariPool-1 - Starting...
2026-09-09 17:10:57.866 [main] INFO  com.zaxxer.hikari.pool.HikariPool - HikariPool-1 - Added connection org.postgresql.jdbc.PgConnection@7da9b32c
2026-09-09 17:10:57.867 [main] INFO  com.zaxxer.hikari.HikariDataSource - HikariPool-1 - Start completed.
2026-09-09 17:10:57.906 [main] INFO  org.hibernate.orm.connections.pooling - HHH10001005: Database info:
	Database JDBC URL [jdbc:postgresql://localhost:5432/poster_db]
	Database driver: PostgreSQL JDBC Driver
	Database dialect: PostgreSQLDialect
	Database version: 16.15
	Default catalog/schema: poster_db/public
	Autocommit mode: undefined/unknown
	Isolation level: READ_COMMITTED [default READ_COMMITTED]
	JDBC fetch size: none
	Pool: DataSourceConnectionProvider
	Minimum pool size: undefined/unknown
	Maximum pool size: undefined/unknown
2026-09-09 17:10:58.581 [main] INFO  org.hibernate.orm.core - HHH000489: No JTA platform available (set 'hibernate.transaction.jta.platform' to enable JTA platform integration)
2026-09-09 17:10:58.628 [main] INFO  org.springframework.orm.jpa.LocalContainerEntityManagerFactoryBean - Initialized JPA EntityManagerFactory for persistence unit 'default'
2026-09-09 17:10:58.668 [main] INFO  org.springframework.data.jpa.repository.query.QueryEnhancerFactories - Hibernate is in classpath; If applicable, HQL parser will be used.
2026-09-09 17:10:59.452 [main] WARN  org.springframework.boot.jpa.autoconfigure.JpaBaseConfiguration$JpaWebConfiguration - spring.jpa.open-in-view is enabled by default. Therefore, database queries may be performed during view rendering. Explicitly configure spring.jpa.open-in-view to disable this warning
2026-09-09 17:10:59.522 [main] INFO  org.springframework.security.config.annotation.authentication.configuration.InitializeUserDetailsBeanManagerConfigurer$InitializeUserDetailsManagerConfigurer - Global AuthenticationManager configured with UserDetailsService bean with name customUserDetailsService
2026-09-09 17:11:00.118 [main] INFO  org.springframework.boot.actuate.endpoint.web.EndpointLinksResolver - Exposing 1 endpoint beneath base path '/actuator'
2026-09-09 17:11:00.168 [main] INFO  org.apache.coyote.http11.Http11NioProtocol - Starting ProtocolHandler ["http-nio-8080"]
2026-09-09 17:11:00.175 [main] INFO  org.springframework.boot.tomcat.TomcatWebServer - Tomcat started on port 8080 (http) with context path '/'
2026-09-09 17:11:00.181 [main] INFO  uz.poster.integration.PosterIntegrationApplication - Started PosterIntegrationApplication in 4.369 seconds (process running for 4.744)
2026-09-09 17:11:00.186 [main] WARN  org.springdoc.core.events.SpringDocAppInitializer - SpringDoc /v3/api-docs endpoint is enabled by default. To disable it in production, set the property 'springdoc.api-docs.enabled=false'
2026-09-09 17:11:00.186 [main] WARN  org.springdoc.core.events.SpringDocAppInitializer - SpringDoc /swagger-ui.html endpoint is enabled by default. To disable it in production, set the property 'springdoc.swagger-ui.enabled=false'
2026-09-09 17:11:00.569 [RMI TCP Connection(3)-127.0.0.1] INFO  org.apache.catalina.core.ContainerBase.[Tomcat].[localhost].[/] - Initializing Spring DispatcherServlet 'dispatcherServlet'
2026-09-09 17:11:00.569 [RMI TCP Connection(3)-127.0.0.1] INFO  org.springframework.web.servlet.DispatcherServlet - Initializing Servlet 'dispatcherServlet'
2026-09-09 17:11:00.570 [RMI TCP Connection(3)-127.0.0.1] INFO  org.springframework.web.servlet.DispatcherServlet - Completed initialization in 1 ms
2026-09-09 17:11:12.420 [http-nio-8080-exec-1] INFO  org.springdoc.api.AbstractOpenApiResource - Init duration for springdoc-openapi is: 163 ms
2026-09-09 17:11:30.864 [http-nio-8080-exec-2] INFO  uz.poster.integration.notification.otp.service.impl.OtpServiceImpl - OTP for +998935713884: 903547 (expires in 2 minutes)
2026-09-09 17:12:16.519 [http-nio-8080-exec-3] DEBUG org.hibernate.SQL - 
    select
        u1_0."id",
        u1_0.ban_reason,
        u1_0.banned_at,
        u1_0."createdAt",
        u1_0.first_name,
        u1_0.last_name,
        u1_0.phone,
        u1_0.phone_verified,
        u1_0.role,
        u1_0."updatedAt",
        u1_0.verified,
        u1_0.verified_at 
    from
        users u1_0 
    where
        u1_0.phone=?
2026-09-09 17:12:16.519 [http-nio-8080-exec-3] TRACE org.hibernate.orm.jdbc.bind - binding parameter (1:VARCHAR) <- [+998935713884]
2026-09-09 17:12:16.548 [http-nio-8080-exec-3] DEBUG org.hibernate.SQL - 
    select
        us1_0."id",
        us1_0."createdAt",
        us1_0.device_id,
        us1_0.device_name,
        us1_0.expires_at,
        us1_0.ip_address,
        us1_0.last_access_at,
        us1_0.platform,
        us1_0.refresh_token_hash,
        us1_0.revoked_at,
        us1_0.status,
        us1_0."updatedAt",
        us1_0.user_id,
        us1_0.user_agent 
    from
        user_session us1_0 
    where
        us1_0.user_id=? 
        and us1_0.device_id=?
2026-09-09 17:12:16.548 [http-nio-8080-exec-3] TRACE org.hibernate.orm.jdbc.bind - binding parameter (1:VARCHAR) <- [4a49bf3c-f69e-48d5-aa7d-a12522c8e655]
2026-09-09 17:12:16.548 [http-nio-8080-exec-3] TRACE org.hibernate.orm.jdbc.bind - binding parameter (2:VARCHAR) <- [test-device]
2026-09-09 17:12:16.594 [http-nio-8080-exec-3] DEBUG org.hibernate.SQL - 
    update
        user_session 
    set
        device_name=?,
        expires_at=?,
        ip_address=?,
        last_access_at=?,
        platform=?,
        refresh_token_hash=?,
        revoked_at=?,
        status=?,
        "updatedAt"=?,
        user_agent=? 
    where
        "id"=?
2026-09-09 17:12:16.595 [http-nio-8080-exec-3] TRACE org.hibernate.orm.jdbc.bind - binding parameter (1:VARCHAR) <- [Iphone]
2026-09-09 17:12:16.595 [http-nio-8080-exec-3] TRACE org.hibernate.orm.jdbc.bind - binding parameter (2:TIMESTAMP_UTC) <- [2108-10-29T11:22:43.507524Z]
2026-09-09 17:12:16.595 [http-nio-8080-exec-3] TRACE org.hibernate.orm.jdbc.bind - binding parameter (3:VARCHAR) <- [0:0:0:0:0:0:0:1]
2026-09-09 17:12:16.595 [http-nio-8080-exec-3] TRACE org.hibernate.orm.jdbc.bind - binding parameter (4:TIMESTAMP_UTC) <- [2026-09-09T12:12:16.583109570Z]
2026-09-09 17:12:16.596 [http-nio-8080-exec-3] TRACE org.hibernate.orm.jdbc.bind - binding parameter (5:VARCHAR) <- [IOS]
2026-09-09 17:12:16.596 [http-nio-8080-exec-3] TRACE org.hibernate.orm.jdbc.bind - binding parameter (6:VARCHAR) <- [null]
2026-09-09 17:12:16.596 [http-nio-8080-exec-3] TRACE org.hibernate.orm.jdbc.bind - binding parameter (7:TIMESTAMP_UTC) <- [null]
2026-09-09 17:12:16.596 [http-nio-8080-exec-3] TRACE org.hibernate.orm.jdbc.bind - binding parameter (8:VARCHAR) <- [ACTIVE]
2026-09-09 17:12:16.596 [http-nio-8080-exec-3] TRACE org.hibernate.orm.jdbc.bind - binding parameter (9:TIMESTAMP) <- [2026-09-09T17:12:16.590297]
2026-09-09 17:12:16.596 [http-nio-8080-exec-3] TRACE org.hibernate.orm.jdbc.bind - binding parameter (10:VARCHAR) <- [Mozilla/5.0 (X11; Linux x86_64) AppleWebKit/537.36 (KHTML, like Gecko) Chrome/151.0.0.0 Safari/537.36]
2026-09-09 17:12:16.596 [http-nio-8080-exec-3] TRACE org.hibernate.orm.jdbc.bind - binding parameter (11:VARCHAR) <- [d16eb40a-e321-4866-8597-7f362665775c]
2026-09-09 17:12:27.152 [http-nio-8080-exec-4] INFO  org.springdoc.api.AbstractOpenApiResource - Init duration for springdoc-openapi is: 48 ms
2026-09-09 17:12:34.670 [http-nio-8080-exec-5] DEBUG org.hibernate.SQL - 
    select
        us1_0."id",
        us1_0."createdAt",
        us1_0.device_id,
        us1_0.device_name,
        us1_0.expires_at,
        us1_0.ip_address,
        us1_0.last_access_at,
        us1_0.platform,
        us1_0.refresh_token_hash,
        us1_0.revoked_at,
        us1_0.status,
        us1_0."updatedAt",
        us1_0.user_id,
        us1_0.user_agent 
    from
        user_session us1_0 
    where
        us1_0."id"=? 
        and us1_0.user_id=?
2026-09-09 17:12:34.670 [http-nio-8080-exec-5] TRACE org.hibernate.orm.jdbc.bind - binding parameter (1:VARCHAR) <- [d16eb40a-e321-4866-8597-7f362665775c]
2026-09-09 17:12:34.671 [http-nio-8080-exec-5] TRACE org.hibernate.orm.jdbc.bind - binding parameter (2:VARCHAR) <- [4a49bf3c-f69e-48d5-aa7d-a12522c8e655]
2026-09-09 17:12:34.677 [http-nio-8080-exec-5] DEBUG org.hibernate.SQL - 
    select
        u1_0."id",
        u1_0.ban_reason,
        u1_0.banned_at,
        u1_0."createdAt",
        u1_0.first_name,
        u1_0.last_name,
        u1_0.phone,
        u1_0.phone_verified,
        u1_0.role,
        u1_0."updatedAt",
        u1_0.verified,
        u1_0.verified_at 
    from
        users u1_0 
    where
        u1_0."id"=?
2026-09-09 17:12:34.677 [http-nio-8080-exec-5] TRACE org.hibernate.orm.jdbc.bind - binding parameter (1:VARCHAR) <- [4a49bf3c-f69e-48d5-aa7d-a12522c8e655]
2026-09-09 17:14:24.008 [http-nio-8080-exec-6] DEBUG org.hibernate.SQL - 
    select
        us1_0."id",
        us1_0."createdAt",
        us1_0.device_id,
        us1_0.device_name,
        us1_0.expires_at,
        us1_0.ip_address,
        us1_0.last_access_at,
        us1_0.platform,
        us1_0.refresh_token_hash,
        us1_0.revoked_at,
        us1_0.status,
        us1_0."updatedAt",
        us1_0.user_id,
        us1_0.user_agent 
    from
        user_session us1_0 
    where
        us1_0."id"=? 
        and us1_0.user_id=?
2026-09-09 17:14:24.008 [http-nio-8080-exec-6] TRACE org.hibernate.orm.jdbc.bind - binding parameter (1:VARCHAR) <- [d16eb40a-e321-4866-8597-7f362665775c]
2026-09-09 17:14:24.008 [http-nio-8080-exec-6] TRACE org.hibernate.orm.jdbc.bind - binding parameter (2:VARCHAR) <- [4a49bf3c-f69e-48d5-aa7d-a12522c8e655]
2026-09-09 17:14:24.010 [http-nio-8080-exec-6] DEBUG org.hibernate.SQL - 
    select
        u1_0."id",
        u1_0.ban_reason,
        u1_0.banned_at,
        u1_0."createdAt",
        u1_0.first_name,
        u1_0.last_name,
        u1_0.phone,
        u1_0.phone_verified,
        u1_0.role,
        u1_0."updatedAt",
        u1_0.verified,
        u1_0.verified_at 
    from
        users u1_0 
    where
        u1_0."id"=?
2026-09-09 17:14:24.011 [http-nio-8080-exec-6] TRACE org.hibernate.orm.jdbc.bind - binding parameter (1:VARCHAR) <- [4a49bf3c-f69e-48d5-aa7d-a12522c8e655]
2026-09-09 17:14:51.423 [SpringApplicationShutdownHook] INFO  org.springframework.boot.tomcat.GracefulShutdown - Commencing graceful shutdown. Waiting for active requests to complete
2026-09-09 17:14:51.424 [tomcat-shutdown] INFO  org.springframework.boot.tomcat.GracefulShutdown - Graceful shutdown complete
2026-09-09 17:14:51.435 [SpringApplicationShutdownHook] INFO  org.springframework.orm.jpa.LocalContainerEntityManagerFactoryBean - Closing JPA EntityManagerFactory for persistence unit 'default'
2026-09-09 17:14:51.436 [SpringApplicationShutdownHook] INFO  com.zaxxer.hikari.HikariDataSource - HikariPool-1 - Shutdown initiated...
2026-09-09 17:14:51.437 [SpringApplicationShutdownHook] INFO  com.zaxxer.hikari.HikariDataSource - HikariPool-1 - Shutdown completed.
2026-09-09 17:14:53.071 [main] INFO  uz.poster.integration.PosterIntegrationApplication - Starting PosterIntegrationApplication using Java 21.0.10 with PID 48768 (/home/bobur/Downloads/Poster Integration/Poster-Integration/build/classes/java/main started by bobur in /home/bobur/Downloads/Poster Integration/Poster-Integration)
2026-09-09 17:14:53.072 [main] INFO  uz.poster.integration.PosterIntegrationApplication - The following 1 profile is active: "dev"
2026-09-09 17:14:53.226 [background-preinit] INFO  org.hibernate.validator.internal.util.Version - HV000001: Hibernate Validator 9.1.3.Final
2026-09-09 17:14:53.605 [main] INFO  org.springframework.data.repository.config.RepositoryConfigurationDelegate - Multiple Spring Data modules found, entering strict repository configuration mode
2026-09-09 17:14:53.606 [main] INFO  org.springframework.data.repository.config.RepositoryConfigurationDelegate - Bootstrapping Spring Data JPA repositories in DEFAULT mode.
2026-09-09 17:14:53.671 [main] INFO  org.springframework.data.repository.config.RepositoryConfigurationDelegate - Finished Spring Data repository scanning in 61 ms. Found 3 JPA repository interfaces.
2026-09-09 17:14:53.693 [main] INFO  org.springframework.data.repository.config.RepositoryConfigurationDelegate - Multiple Spring Data modules found, entering strict repository configuration mode
2026-09-09 17:14:53.693 [main] INFO  org.springframework.data.repository.config.RepositoryConfigurationDelegate - Bootstrapping Spring Data Redis repositories in DEFAULT mode.
2026-09-09 17:14:53.702 [main] INFO  org.springframework.data.repository.config.RepositoryConfigurationExtensionSupport - Spring Data Redis - Could not safely identify store assignment for repository candidate interface uz.poster.integration.notification.otp.repository.OtpMessageRepository; If you want this repository to be a Redis repository, consider annotating your entities with one of these annotations: org.springframework.data.redis.core.RedisHash (preferred), or consider extending one of the following types with your repository: org.springframework.data.keyvalue.repository.KeyValueRepository
2026-09-09 17:14:53.703 [main] INFO  org.springframework.data.repository.config.RepositoryConfigurationExtensionSupport - Spring Data Redis - Could not safely identify store assignment for repository candidate interface uz.poster.integration.user.repository.UserRepository; If you want this repository to be a Redis repository, consider annotating your entities with one of these annotations: org.springframework.data.redis.core.RedisHash (preferred), or consider extending one of the following types with your repository: org.springframework.data.keyvalue.repository.KeyValueRepository
2026-09-09 17:14:53.703 [main] INFO  org.springframework.data.repository.config.RepositoryConfigurationExtensionSupport - Spring Data Redis - Could not safely identify store assignment for repository candidate interface uz.poster.integration.user.repository.UserSessionRepository; If you want this repository to be a Redis repository, consider annotating your entities with one of these annotations: org.springframework.data.redis.core.RedisHash (preferred), or consider extending one of the following types with your repository: org.springframework.data.keyvalue.repository.KeyValueRepository
2026-09-09 17:14:53.703 [main] INFO  org.springframework.data.repository.config.RepositoryConfigurationDelegate - Finished Spring Data repository scanning in 4 ms. Found 0 Redis repository interfaces.
2026-09-09 17:14:54.059 [main] INFO  org.springframework.boot.tomcat.TomcatWebServer - Tomcat initialized with port 8080 (http)
2026-09-09 17:14:54.066 [main] INFO  org.apache.coyote.http11.Http11NioProtocol - Initializing ProtocolHandler ["http-nio-8080"]
2026-09-09 17:14:54.067 [main] INFO  org.apache.catalina.core.StandardService - Starting service [Tomcat]
2026-09-09 17:14:54.067 [main] INFO  org.apache.catalina.core.StandardEngine - Starting Servlet engine: [Apache Tomcat/11.0.24]
2026-09-09 17:14:54.094 [main] INFO  org.springframework.boot.web.context.servlet.WebApplicationContextInitializer - Root WebApplicationContext: initialization completed in 999 ms
2026-09-09 17:14:54.219 [main] INFO  org.hibernate.orm.jpa - HHH008540: Processing PersistenceUnitInfo [name: default]
2026-09-09 17:14:54.252 [main] INFO  org.hibernate.orm.core - HHH000001: Hibernate ORM core version 7.4.5.Final
2026-09-09 17:14:54.464 [main] INFO  org.springframework.orm.jpa.persistenceunit.SpringPersistenceUnitInfo - No LoadTimeWeaver setup: ignoring JPA class transformer
2026-09-09 17:14:54.480 [main] WARN  com.zaxxer.hikari.HikariConfig - HikariPool-1 - keepaliveTime is greater than or equal to maxLifetime, disabling it.
2026-09-09 17:14:54.480 [main] WARN  com.zaxxer.hikari.HikariConfig - HikariPool-1 - leakDetectionThreshold is less than 2000ms or more than maxLifetime, disabling it.
2026-09-09 17:14:54.480 [main] INFO  com.zaxxer.hikari.HikariDataSource - HikariPool-1 - Starting...
2026-09-09 17:14:54.647 [main] INFO  com.zaxxer.hikari.pool.HikariPool - HikariPool-1 - Added connection org.postgresql.jdbc.PgConnection@6cd65042
2026-09-09 17:14:54.648 [main] INFO  com.zaxxer.hikari.HikariDataSource - HikariPool-1 - Start completed.
2026-09-09 17:14:54.690 [main] INFO  org.hibernate.orm.connections.pooling - HHH10001005: Database info:
	Database JDBC URL [jdbc:postgresql://localhost:5432/poster_db]
	Database driver: PostgreSQL JDBC Driver
	Database dialect: PostgreSQLDialect
	Database version: 16.15
	Default catalog/schema: poster_db/public
	Autocommit mode: undefined/unknown
	Isolation level: READ_COMMITTED [default READ_COMMITTED]
	JDBC fetch size: none
	Pool: DataSourceConnectionProvider
	Minimum pool size: undefined/unknown
	Maximum pool size: undefined/unknown
2026-09-09 17:14:55.357 [main] INFO  org.hibernate.orm.core - HHH000489: No JTA platform available (set 'hibernate.transaction.jta.platform' to enable JTA platform integration)
2026-09-09 17:14:55.414 [main] INFO  org.springframework.orm.jpa.LocalContainerEntityManagerFactoryBean - Initialized JPA EntityManagerFactory for persistence unit 'default'
2026-09-09 17:14:55.455 [main] INFO  org.springframework.data.jpa.repository.query.QueryEnhancerFactories - Hibernate is in classpath; If applicable, HQL parser will be used.
2026-09-09 17:14:56.204 [main] WARN  org.springframework.boot.jpa.autoconfigure.JpaBaseConfiguration$JpaWebConfiguration - spring.jpa.open-in-view is enabled by default. Therefore, database queries may be performed during view rendering. Explicitly configure spring.jpa.open-in-view to disable this warning
2026-09-09 17:14:56.271 [main] INFO  org.springframework.security.config.annotation.authentication.configuration.InitializeUserDetailsBeanManagerConfigurer$InitializeUserDetailsManagerConfigurer - Global AuthenticationManager configured with UserDetailsService bean with name customUserDetailsService
2026-09-09 17:14:56.822 [main] INFO  org.springframework.boot.actuate.endpoint.web.EndpointLinksResolver - Exposing 1 endpoint beneath base path '/actuator'
2026-09-09 17:14:56.864 [main] INFO  org.apache.coyote.http11.Http11NioProtocol - Starting ProtocolHandler ["http-nio-8080"]
2026-09-09 17:14:56.869 [main] INFO  org.springframework.boot.tomcat.TomcatWebServer - Tomcat started on port 8080 (http) with context path '/'
2026-09-09 17:14:56.876 [main] INFO  uz.poster.integration.PosterIntegrationApplication - Started PosterIntegrationApplication in 4.058 seconds (process running for 4.327)
2026-09-09 17:14:56.879 [main] WARN  org.springdoc.core.events.SpringDocAppInitializer - SpringDoc /v3/api-docs endpoint is enabled by default. To disable it in production, set the property 'springdoc.api-docs.enabled=false'
2026-09-09 17:14:56.879 [main] WARN  org.springdoc.core.events.SpringDocAppInitializer - SpringDoc /swagger-ui.html endpoint is enabled by default. To disable it in production, set the property 'springdoc.swagger-ui.enabled=false'
2026-09-09 17:14:57.185 [RMI TCP Connection(3)-127.0.0.1] INFO  org.apache.catalina.core.ContainerBase.[Tomcat].[localhost].[/] - Initializing Spring DispatcherServlet 'dispatcherServlet'
2026-09-09 17:14:57.185 [RMI TCP Connection(3)-127.0.0.1] INFO  org.springframework.web.servlet.DispatcherServlet - Initializing Servlet 'dispatcherServlet'
2026-09-09 17:14:57.186 [RMI TCP Connection(3)-127.0.0.1] INFO  org.springframework.web.servlet.DispatcherServlet - Completed initialization in 1 ms
2026-09-09 17:15:20.646 [http-nio-8080-exec-1] DEBUG org.hibernate.SQL - 
    select
        us1_0."id",
        us1_0."createdAt",
        us1_0.device_id,
        us1_0.device_name,
        us1_0.expires_at,
        us1_0.ip_address,
        us1_0.last_access_at,
        us1_0.platform,
        us1_0.refresh_token_hash,
        us1_0.revoked_at,
        us1_0.status,
        us1_0."updatedAt",
        us1_0.user_id,
        us1_0.user_agent 
    from
        user_session us1_0 
    where
        us1_0."id"=? 
        and us1_0.user_id=?
2026-09-09 17:15:20.647 [http-nio-8080-exec-1] TRACE org.hibernate.orm.jdbc.bind - binding parameter (1:VARCHAR) <- [d16eb40a-e321-4866-8597-7f362665775c]
2026-09-09 17:15:20.647 [http-nio-8080-exec-1] TRACE org.hibernate.orm.jdbc.bind - binding parameter (2:VARCHAR) <- [4a49bf3c-f69e-48d5-aa7d-a12522c8e655]
2026-09-09 17:15:20.672 [http-nio-8080-exec-1] DEBUG org.hibernate.SQL - 
    select
        u1_0."id",
        u1_0.ban_reason,
        u1_0.banned_at,
        u1_0."createdAt",
        u1_0.first_name,
        u1_0.last_name,
        u1_0.phone,
        u1_0.phone_verified,
        u1_0.role,
        u1_0."updatedAt",
        u1_0.verified,
        u1_0.verified_at 
    from
        users u1_0 
    where
        u1_0."id"=?
2026-09-09 17:15:20.673 [http-nio-8080-exec-1] TRACE org.hibernate.orm.jdbc.bind - binding parameter (1:VARCHAR) <- [4a49bf3c-f69e-48d5-aa7d-a12522c8e655]
2026-09-09 17:16:22.311 [SpringApplicationShutdownHook] INFO  org.springframework.boot.tomcat.GracefulShutdown - Commencing graceful shutdown. Waiting for active requests to complete
2026-09-09 17:16:22.312 [tomcat-shutdown] INFO  org.springframework.boot.tomcat.GracefulShutdown - Graceful shutdown complete
2026-09-09 17:16:22.322 [SpringApplicationShutdownHook] INFO  org.springframework.orm.jpa.LocalContainerEntityManagerFactoryBean - Closing JPA EntityManagerFactory for persistence unit 'default'
2026-09-09 17:16:22.323 [SpringApplicationShutdownHook] INFO  com.zaxxer.hikari.HikariDataSource - HikariPool-1 - Shutdown initiated...
2026-09-09 17:16:22.324 [SpringApplicationShutdownHook] INFO  com.zaxxer.hikari.HikariDataSource - HikariPool-1 - Shutdown completed.
2026-09-09 17:16:25.079 [main] INFO  uz.poster.integration.PosterIntegrationApplication - Starting PosterIntegrationApplication using Java 21.0.10 with PID 49008 (/home/bobur/Downloads/Poster Integration/Poster-Integration/build/classes/java/main started by bobur in /home/bobur/Downloads/Poster Integration/Poster-Integration)
2026-09-09 17:16:25.081 [main] INFO  uz.poster.integration.PosterIntegrationApplication - The following 1 profile is active: "dev"
2026-09-09 17:16:25.263 [background-preinit] INFO  org.hibernate.validator.internal.util.Version - HV000001: Hibernate Validator 9.1.3.Final
2026-09-09 17:16:25.653 [main] INFO  org.springframework.data.repository.config.RepositoryConfigurationDelegate - Multiple Spring Data modules found, entering strict repository configuration mode
2026-09-09 17:16:25.654 [main] INFO  org.springframework.data.repository.config.RepositoryConfigurationDelegate - Bootstrapping Spring Data JPA repositories in DEFAULT mode.
2026-09-09 17:16:25.729 [main] INFO  org.springframework.data.repository.config.RepositoryConfigurationDelegate - Finished Spring Data repository scanning in 69 ms. Found 3 JPA repository interfaces.
2026-09-09 17:16:25.753 [main] INFO  org.springframework.data.repository.config.RepositoryConfigurationDelegate - Multiple Spring Data modules found, entering strict repository configuration mode
2026-09-09 17:16:25.754 [main] INFO  org.springframework.data.repository.config.RepositoryConfigurationDelegate - Bootstrapping Spring Data Redis repositories in DEFAULT mode.
2026-09-09 17:16:25.764 [main] INFO  org.springframework.data.repository.config.RepositoryConfigurationExtensionSupport - Spring Data Redis - Could not safely identify store assignment for repository candidate interface uz.poster.integration.notification.otp.repository.OtpMessageRepository; If you want this repository to be a Redis repository, consider annotating your entities with one of these annotations: org.springframework.data.redis.core.RedisHash (preferred), or consider extending one of the following types with your repository: org.springframework.data.keyvalue.repository.KeyValueRepository
2026-09-09 17:16:25.764 [main] INFO  org.springframework.data.repository.config.RepositoryConfigurationExtensionSupport - Spring Data Redis - Could not safely identify store assignment for repository candidate interface uz.poster.integration.user.repository.UserRepository; If you want this repository to be a Redis repository, consider annotating your entities with one of these annotations: org.springframework.data.redis.core.RedisHash (preferred), or consider extending one of the following types with your repository: org.springframework.data.keyvalue.repository.KeyValueRepository
2026-09-09 17:16:25.764 [main] INFO  org.springframework.data.repository.config.RepositoryConfigurationExtensionSupport - Spring Data Redis - Could not safely identify store assignment for repository candidate interface uz.poster.integration.user.repository.UserSessionRepository; If you want this repository to be a Redis repository, consider annotating your entities with one of these annotations: org.springframework.data.redis.core.RedisHash (preferred), or consider extending one of the following types with your repository: org.springframework.data.keyvalue.repository.KeyValueRepository
2026-09-09 17:16:25.764 [main] INFO  org.springframework.data.repository.config.RepositoryConfigurationDelegate - Finished Spring Data repository scanning in 5 ms. Found 0 Redis repository interfaces.
2026-09-09 17:16:26.162 [main] INFO  org.springframework.boot.tomcat.TomcatWebServer - Tomcat initialized with port 8080 (http)
2026-09-09 17:16:26.169 [main] INFO  org.apache.coyote.http11.Http11NioProtocol - Initializing ProtocolHandler ["http-nio-8080"]
2026-09-09 17:16:26.170 [main] INFO  org.apache.catalina.core.StandardService - Starting service [Tomcat]
2026-09-09 17:16:26.170 [main] INFO  org.apache.catalina.core.StandardEngine - Starting Servlet engine: [Apache Tomcat/11.0.24]
2026-09-09 17:16:26.197 [main] INFO  org.springframework.boot.web.context.servlet.WebApplicationContextInitializer - Root WebApplicationContext: initialization completed in 1089 ms
2026-09-09 17:16:26.346 [main] INFO  org.hibernate.orm.jpa - HHH008540: Processing PersistenceUnitInfo [name: default]
2026-09-09 17:16:26.375 [main] INFO  org.hibernate.orm.core - HHH000001: Hibernate ORM core version 7.4.5.Final
2026-09-09 17:16:26.630 [main] INFO  org.springframework.orm.jpa.persistenceunit.SpringPersistenceUnitInfo - No LoadTimeWeaver setup: ignoring JPA class transformer
2026-09-09 17:16:26.651 [main] WARN  com.zaxxer.hikari.HikariConfig - HikariPool-1 - keepaliveTime is greater than or equal to maxLifetime, disabling it.
2026-09-09 17:16:26.651 [main] WARN  com.zaxxer.hikari.HikariConfig - HikariPool-1 - leakDetectionThreshold is less than 2000ms or more than maxLifetime, disabling it.
2026-09-09 17:16:26.651 [main] INFO  com.zaxxer.hikari.HikariDataSource - HikariPool-1 - Starting...
2026-09-09 17:16:26.823 [main] INFO  com.zaxxer.hikari.pool.HikariPool - HikariPool-1 - Added connection org.postgresql.jdbc.PgConnection@2a045e85
2026-09-09 17:16:26.824 [main] INFO  com.zaxxer.hikari.HikariDataSource - HikariPool-1 - Start completed.
2026-09-09 17:16:26.866 [main] INFO  org.hibernate.orm.connections.pooling - HHH10001005: Database info:
	Database JDBC URL [jdbc:postgresql://localhost:5432/poster_db]
	Database driver: PostgreSQL JDBC Driver
	Database dialect: PostgreSQLDialect
	Database version: 16.15
	Default catalog/schema: poster_db/public
	Autocommit mode: undefined/unknown
	Isolation level: READ_COMMITTED [default READ_COMMITTED]
	JDBC fetch size: none
	Pool: DataSourceConnectionProvider
	Minimum pool size: undefined/unknown
	Maximum pool size: undefined/unknown
2026-09-09 17:16:27.587 [main] INFO  org.hibernate.orm.core - HHH000489: No JTA platform available (set 'hibernate.transaction.jta.platform' to enable JTA platform integration)
2026-09-09 17:16:27.645 [main] INFO  org.springframework.orm.jpa.LocalContainerEntityManagerFactoryBean - Initialized JPA EntityManagerFactory for persistence unit 'default'
2026-09-09 17:16:27.691 [main] INFO  org.springframework.data.jpa.repository.query.QueryEnhancerFactories - Hibernate is in classpath; If applicable, HQL parser will be used.
2026-09-09 17:16:28.498 [main] WARN  org.springframework.boot.jpa.autoconfigure.JpaBaseConfiguration$JpaWebConfiguration - spring.jpa.open-in-view is enabled by default. Therefore, database queries may be performed during view rendering. Explicitly configure spring.jpa.open-in-view to disable this warning
2026-09-09 17:16:28.572 [main] INFO  org.springframework.security.config.annotation.authentication.configuration.InitializeUserDetailsBeanManagerConfigurer$InitializeUserDetailsManagerConfigurer - Global AuthenticationManager configured with UserDetailsService bean with name customUserDetailsService
2026-09-09 17:16:29.213 [main] INFO  org.springframework.boot.actuate.endpoint.web.EndpointLinksResolver - Exposing 1 endpoint beneath base path '/actuator'
2026-09-09 17:16:29.271 [main] INFO  org.apache.coyote.http11.Http11NioProtocol - Starting ProtocolHandler ["http-nio-8080"]
2026-09-09 17:16:29.278 [main] INFO  org.springframework.boot.tomcat.TomcatWebServer - Tomcat started on port 8080 (http) with context path '/'
2026-09-09 17:16:29.286 [main] INFO  uz.poster.integration.PosterIntegrationApplication - Started PosterIntegrationApplication in 4.536 seconds (process running for 4.948)
2026-09-09 17:16:29.290 [main] WARN  org.springdoc.core.events.SpringDocAppInitializer - SpringDoc /v3/api-docs endpoint is enabled by default. To disable it in production, set the property 'springdoc.api-docs.enabled=false'
2026-09-09 17:16:29.290 [main] WARN  org.springdoc.core.events.SpringDocAppInitializer - SpringDoc /swagger-ui.html endpoint is enabled by default. To disable it in production, set the property 'springdoc.swagger-ui.enabled=false'
2026-09-09 17:16:29.573 [RMI TCP Connection(3)-127.0.0.1] INFO  org.apache.catalina.core.ContainerBase.[Tomcat].[localhost].[/] - Initializing Spring DispatcherServlet 'dispatcherServlet'
2026-09-09 17:16:29.573 [RMI TCP Connection(3)-127.0.0.1] INFO  org.springframework.web.servlet.DispatcherServlet - Initializing Servlet 'dispatcherServlet'
2026-09-09 17:16:29.575 [RMI TCP Connection(3)-127.0.0.1] INFO  org.springframework.web.servlet.DispatcherServlet - Completed initialization in 1 ms
2026-09-09 17:16:42.665 [http-nio-8080-exec-1] DEBUG org.hibernate.SQL - 
    select
        us1_0."id",
        us1_0."createdAt",
        us1_0.device_id,
        us1_0.device_name,
        us1_0.expires_at,
        us1_0.ip_address,
        us1_0.last_access_at,
        us1_0.platform,
        us1_0.refresh_token_hash,
        us1_0.revoked_at,
        us1_0.status,
        us1_0."updatedAt",
        us1_0.user_id,
        us1_0.user_agent 
    from
        user_session us1_0 
    where
        us1_0."id"=? 
        and us1_0.user_id=?
2026-09-09 17:16:42.666 [http-nio-8080-exec-1] TRACE org.hibernate.orm.jdbc.bind - binding parameter (1:VARCHAR) <- [d16eb40a-e321-4866-8597-7f362665775c]
2026-09-09 17:16:42.666 [http-nio-8080-exec-1] TRACE org.hibernate.orm.jdbc.bind - binding parameter (2:VARCHAR) <- [4a49bf3c-f69e-48d5-aa7d-a12522c8e655]
2026-09-09 17:16:42.699 [http-nio-8080-exec-1] DEBUG org.hibernate.SQL - 
    select
        u1_0."id",
        u1_0.ban_reason,
        u1_0.banned_at,
        u1_0."createdAt",
        u1_0.first_name,
        u1_0.last_name,
        u1_0.phone,
        u1_0.phone_verified,
        u1_0.role,
        u1_0."updatedAt",
        u1_0.verified,
        u1_0.verified_at 
    from
        users u1_0 
    where
        u1_0."id"=?
2026-09-09 17:16:42.699 [http-nio-8080-exec-1] TRACE org.hibernate.orm.jdbc.bind - binding parameter (1:VARCHAR) <- [4a49bf3c-f69e-48d5-aa7d-a12522c8e655]
2026-09-09 17:17:01.308 [http-nio-8080-exec-2] DEBUG org.hibernate.SQL - 
    select
        us1_0."id",
        us1_0."createdAt",
        us1_0.device_id,
        us1_0.device_name,
        us1_0.expires_at,
        us1_0.ip_address,
        us1_0.last_access_at,
        us1_0.platform,
        us1_0.refresh_token_hash,
        us1_0.revoked_at,
        us1_0.status,
        us1_0."updatedAt",
        us1_0.user_id,
        us1_0.user_agent 
    from
        user_session us1_0 
    where
        us1_0."id"=? 
        and us1_0.user_id=?
2026-09-09 17:17:01.309 [http-nio-8080-exec-2] TRACE org.hibernate.orm.jdbc.bind - binding parameter (1:VARCHAR) <- [d16eb40a-e321-4866-8597-7f362665775c]
2026-09-09 17:17:01.309 [http-nio-8080-exec-2] TRACE org.hibernate.orm.jdbc.bind - binding parameter (2:VARCHAR) <- [4a49bf3c-f69e-48d5-aa7d-a12522c8e655]
2026-09-09 17:17:01.311 [http-nio-8080-exec-2] DEBUG org.hibernate.SQL - 
    select
        u1_0."id",
        u1_0.ban_reason,
        u1_0.banned_at,
        u1_0."createdAt",
        u1_0.first_name,
        u1_0.last_name,
        u1_0.phone,
        u1_0.phone_verified,
        u1_0.role,
        u1_0."updatedAt",
        u1_0.verified,
        u1_0.verified_at 
    from
        users u1_0 
    where
        u1_0."id"=?
2026-09-09 17:17:01.311 [http-nio-8080-exec-2] TRACE org.hibernate.orm.jdbc.bind - binding parameter (1:VARCHAR) <- [4a49bf3c-f69e-48d5-aa7d-a12522c8e655]
2026-09-09 17:18:23.430 [http-nio-8080-exec-3] DEBUG org.hibernate.SQL - 
    select
        us1_0."id",
        us1_0."createdAt",
        us1_0.device_id,
        us1_0.device_name,
        us1_0.expires_at,
        us1_0.ip_address,
        us1_0.last_access_at,
        us1_0.platform,
        us1_0.refresh_token_hash,
        us1_0.revoked_at,
        us1_0.status,
        us1_0."updatedAt",
        us1_0.user_id,
        us1_0.user_agent 
    from
        user_session us1_0 
    where
        us1_0."id"=? 
        and us1_0.user_id=?
2026-09-09 17:18:23.431 [http-nio-8080-exec-3] TRACE org.hibernate.orm.jdbc.bind - binding parameter (1:VARCHAR) <- [d16eb40a-e321-4866-8597-7f362665775c]
2026-09-09 17:18:23.431 [http-nio-8080-exec-3] TRACE org.hibernate.orm.jdbc.bind - binding parameter (2:VARCHAR) <- [4a49bf3c-f69e-48d5-aa7d-a12522c8e655]
2026-09-09 17:18:23.433 [http-nio-8080-exec-3] DEBUG org.hibernate.SQL - 
    select
        u1_0."id",
        u1_0.ban_reason,
        u1_0.banned_at,
        u1_0."createdAt",
        u1_0.first_name,
        u1_0.last_name,
        u1_0.phone,
        u1_0.phone_verified,
        u1_0.role,
        u1_0."updatedAt",
        u1_0.verified,
        u1_0.verified_at 
    from
        users u1_0 
    where
        u1_0."id"=?
2026-09-09 17:18:23.433 [http-nio-8080-exec-3] TRACE org.hibernate.orm.jdbc.bind - binding parameter (1:VARCHAR) <- [4a49bf3c-f69e-48d5-aa7d-a12522c8e655]
2026-09-09 17:18:27.380 [http-nio-8080-exec-4] DEBUG org.hibernate.SQL - 
    select
        us1_0."id",
        us1_0."createdAt",
        us1_0.device_id,
        us1_0.device_name,
        us1_0.expires_at,
        us1_0.ip_address,
        us1_0.last_access_at,
        us1_0.platform,
        us1_0.refresh_token_hash,
        us1_0.revoked_at,
        us1_0.status,
        us1_0."updatedAt",
        us1_0.user_id,
        us1_0.user_agent 
    from
        user_session us1_0 
    where
        us1_0."id"=? 
        and us1_0.user_id=?
2026-09-09 17:18:27.380 [http-nio-8080-exec-4] TRACE org.hibernate.orm.jdbc.bind - binding parameter (1:VARCHAR) <- [d16eb40a-e321-4866-8597-7f362665775c]
2026-09-09 17:18:27.381 [http-nio-8080-exec-4] TRACE org.hibernate.orm.jdbc.bind - binding parameter (2:VARCHAR) <- [4a49bf3c-f69e-48d5-aa7d-a12522c8e655]
2026-09-09 17:18:27.382 [http-nio-8080-exec-4] DEBUG org.hibernate.SQL - 
    select
        u1_0."id",
        u1_0.ban_reason,
        u1_0.banned_at,
        u1_0."createdAt",
        u1_0.first_name,
        u1_0.last_name,
        u1_0.phone,
        u1_0.phone_verified,
        u1_0.role,
        u1_0."updatedAt",
        u1_0.verified,
        u1_0.verified_at 
    from
        users u1_0 
    where
        u1_0."id"=?
2026-09-09 17:18:27.383 [http-nio-8080-exec-4] TRACE org.hibernate.orm.jdbc.bind - binding parameter (1:VARCHAR) <- [4a49bf3c-f69e-48d5-aa7d-a12522c8e655]
2026-09-09 17:18:27.971 [http-nio-8080-exec-5] DEBUG org.hibernate.SQL - 
    select
        us1_0."id",
        us1_0."createdAt",
        us1_0.device_id,
        us1_0.device_name,
        us1_0.expires_at,
        us1_0.ip_address,
        us1_0.last_access_at,
        us1_0.platform,
        us1_0.refresh_token_hash,
        us1_0.revoked_at,
        us1_0.status,
        us1_0."updatedAt",
        us1_0.user_id,
        us1_0.user_agent 
    from
        user_session us1_0 
    where
        us1_0."id"=? 
        and us1_0.user_id=?
2026-09-09 17:18:27.972 [http-nio-8080-exec-5] TRACE org.hibernate.orm.jdbc.bind - binding parameter (1:VARCHAR) <- [d16eb40a-e321-4866-8597-7f362665775c]
2026-09-09 17:18:27.972 [http-nio-8080-exec-5] TRACE org.hibernate.orm.jdbc.bind - binding parameter (2:VARCHAR) <- [4a49bf3c-f69e-48d5-aa7d-a12522c8e655]
2026-09-09 17:18:27.973 [http-nio-8080-exec-5] DEBUG org.hibernate.SQL - 
    select
        u1_0."id",
        u1_0.ban_reason,
        u1_0.banned_at,
        u1_0."createdAt",
        u1_0.first_name,
        u1_0.last_name,
        u1_0.phone,
        u1_0.phone_verified,
        u1_0.role,
        u1_0."updatedAt",
        u1_0.verified,
        u1_0.verified_at 
    from
        users u1_0 
    where
        u1_0."id"=?
2026-09-09 17:18:27.973 [http-nio-8080-exec-5] TRACE org.hibernate.orm.jdbc.bind - binding parameter (1:VARCHAR) <- [4a49bf3c-f69e-48d5-aa7d-a12522c8e655]
2026-09-09 17:19:59.339 [http-nio-8080-exec-8] INFO  org.springdoc.api.AbstractOpenApiResource - Init duration for springdoc-openapi is: 205 ms
2026-09-09 17:20:31.673 [http-nio-8080-exec-9] DEBUG org.hibernate.SQL - 
    select
        us1_0."id",
        us1_0."createdAt",
        us1_0.device_id,
        us1_0.device_name,
        us1_0.expires_at,
        us1_0.ip_address,
        us1_0.last_access_at,
        us1_0.platform,
        us1_0.refresh_token_hash,
        us1_0.revoked_at,
        us1_0.status,
        us1_0."updatedAt",
        us1_0.user_id,
        us1_0.user_agent 
    from
        user_session us1_0 
    where
        us1_0."id"=? 
        and us1_0.user_id=?
2026-09-09 17:20:31.673 [http-nio-8080-exec-9] TRACE org.hibernate.orm.jdbc.bind - binding parameter (1:VARCHAR) <- [d16eb40a-e321-4866-8597-7f362665775c]
2026-09-09 17:20:31.673 [http-nio-8080-exec-9] TRACE org.hibernate.orm.jdbc.bind - binding parameter (2:VARCHAR) <- [4a49bf3c-f69e-48d5-aa7d-a12522c8e655]
2026-09-09 17:20:31.676 [http-nio-8080-exec-9] DEBUG org.hibernate.SQL - 
    select
        u1_0."id",
        u1_0.ban_reason,
        u1_0.banned_at,
        u1_0."createdAt",
        u1_0.first_name,
        u1_0.last_name,
        u1_0.phone,
        u1_0.phone_verified,
        u1_0.role,
        u1_0."updatedAt",
        u1_0.verified,
        u1_0.verified_at 
    from
        users u1_0 
    where
        u1_0."id"=?
2026-09-09 17:20:31.676 [http-nio-8080-exec-9] TRACE org.hibernate.orm.jdbc.bind - binding parameter (1:VARCHAR) <- [4a49bf3c-f69e-48d5-aa7d-a12522c8e655]
2026-09-09 17:21:31.414 [http-nio-8080-exec-2] DEBUG org.hibernate.SQL - 
    select
        us1_0."id",
        us1_0."createdAt",
        us1_0.device_id,
        us1_0.device_name,
        us1_0.expires_at,
        us1_0.ip_address,
        us1_0.last_access_at,
        us1_0.platform,
        us1_0.refresh_token_hash,
        us1_0.revoked_at,
        us1_0.status,
        us1_0."updatedAt",
        us1_0.user_id,
        us1_0.user_agent 
    from
        user_session us1_0 
    where
        us1_0."id"=? 
        and us1_0.user_id=?
2026-09-09 17:21:31.417 [http-nio-8080-exec-2] TRACE org.hibernate.orm.jdbc.bind - binding parameter (1:VARCHAR) <- [d16eb40a-e321-4866-8597-7f362665775c]
2026-09-09 17:21:31.417 [http-nio-8080-exec-2] TRACE org.hibernate.orm.jdbc.bind - binding parameter (2:VARCHAR) <- [4a49bf3c-f69e-48d5-aa7d-a12522c8e655]
2026-09-09 17:21:31.419 [http-nio-8080-exec-2] DEBUG org.hibernate.SQL - 
    select
        u1_0."id",
        u1_0.ban_reason,
        u1_0.banned_at,
        u1_0."createdAt",
        u1_0.first_name,
        u1_0.last_name,
        u1_0.phone,
        u1_0.phone_verified,
        u1_0.role,
        u1_0."updatedAt",
        u1_0.verified,
        u1_0.verified_at 
    from
        users u1_0 
    where
        u1_0."id"=?
2026-09-09 17:21:31.419 [http-nio-8080-exec-2] TRACE org.hibernate.orm.jdbc.bind - binding parameter (1:VARCHAR) <- [4a49bf3c-f69e-48d5-aa7d-a12522c8e655]
2026-09-09 17:21:51.023 [http-nio-8080-exec-4] DEBUG org.hibernate.SQL - 
    select
        us1_0."id",
        us1_0."createdAt",
        us1_0.device_id,
        us1_0.device_name,
        us1_0.expires_at,
        us1_0.ip_address,
        us1_0.last_access_at,
        us1_0.platform,
        us1_0.refresh_token_hash,
        us1_0.revoked_at,
        us1_0.status,
        us1_0."updatedAt",
        us1_0.user_id,
        us1_0.user_agent 
    from
        user_session us1_0 
    where
        us1_0."id"=? 
        and us1_0.user_id=?
2026-09-09 17:21:51.023 [http-nio-8080-exec-4] TRACE org.hibernate.orm.jdbc.bind - binding parameter (1:VARCHAR) <- [d16eb40a-e321-4866-8597-7f362665775c]
2026-09-09 17:21:51.023 [http-nio-8080-exec-4] TRACE org.hibernate.orm.jdbc.bind - binding parameter (2:VARCHAR) <- [4a49bf3c-f69e-48d5-aa7d-a12522c8e655]
2026-09-09 17:21:51.025 [http-nio-8080-exec-4] DEBUG org.hibernate.SQL - 
    select
        u1_0."id",
        u1_0.ban_reason,
        u1_0.banned_at,
        u1_0."createdAt",
        u1_0.first_name,
        u1_0.last_name,
        u1_0.phone,
        u1_0.phone_verified,
        u1_0.role,
        u1_0."updatedAt",
        u1_0.verified,
        u1_0.verified_at 
    from
        users u1_0 
    where
        u1_0."id"=?
2026-09-09 17:21:51.026 [http-nio-8080-exec-4] TRACE org.hibernate.orm.jdbc.bind - binding parameter (1:VARCHAR) <- [4a49bf3c-f69e-48d5-aa7d-a12522c8e655]
2026-09-09 17:23:33.668 [SpringApplicationShutdownHook] INFO  org.springframework.boot.tomcat.GracefulShutdown - Commencing graceful shutdown. Waiting for active requests to complete
2026-09-09 17:23:33.670 [tomcat-shutdown] INFO  org.springframework.boot.tomcat.GracefulShutdown - Graceful shutdown complete
2026-09-09 17:23:33.687 [SpringApplicationShutdownHook] INFO  org.springframework.orm.jpa.LocalContainerEntityManagerFactoryBean - Closing JPA EntityManagerFactory for persistence unit 'default'
2026-09-09 17:23:33.689 [SpringApplicationShutdownHook] INFO  com.zaxxer.hikari.HikariDataSource - HikariPool-1 - Shutdown initiated...
2026-09-09 17:23:33.691 [SpringApplicationShutdownHook] INFO  com.zaxxer.hikari.HikariDataSource - HikariPool-1 - Shutdown completed.
2026-09-09 17:23:37.063 [main] INFO  uz.poster.integration.PosterIntegrationApplication - Starting PosterIntegrationApplication using Java 21.0.10 with PID 49573 (/home/bobur/Downloads/Poster Integration/Poster-Integration/build/classes/java/main started by bobur in /home/bobur/Downloads/Poster Integration/Poster-Integration)
2026-09-09 17:23:37.065 [main] INFO  uz.poster.integration.PosterIntegrationApplication - The following 1 profile is active: "dev"
2026-09-09 17:23:37.291 [background-preinit] INFO  org.hibernate.validator.internal.util.Version - HV000001: Hibernate Validator 9.1.3.Final
2026-09-09 17:23:37.715 [main] INFO  org.springframework.data.repository.config.RepositoryConfigurationDelegate - Multiple Spring Data modules found, entering strict repository configuration mode
2026-09-09 17:23:37.716 [main] INFO  org.springframework.data.repository.config.RepositoryConfigurationDelegate - Bootstrapping Spring Data JPA repositories in DEFAULT mode.
2026-09-09 17:23:37.804 [main] INFO  org.springframework.data.repository.config.RepositoryConfigurationDelegate - Finished Spring Data repository scanning in 81 ms. Found 3 JPA repository interfaces.
2026-09-09 17:23:37.832 [main] INFO  org.springframework.data.repository.config.RepositoryConfigurationDelegate - Multiple Spring Data modules found, entering strict repository configuration mode
2026-09-09 17:23:37.833 [main] INFO  org.springframework.data.repository.config.RepositoryConfigurationDelegate - Bootstrapping Spring Data Redis repositories in DEFAULT mode.
2026-09-09 17:23:37.850 [main] INFO  org.springframework.data.repository.config.RepositoryConfigurationExtensionSupport - Spring Data Redis - Could not safely identify store assignment for repository candidate interface uz.poster.integration.notification.otp.repository.OtpMessageRepository; If you want this repository to be a Redis repository, consider annotating your entities with one of these annotations: org.springframework.data.redis.core.RedisHash (preferred), or consider extending one of the following types with your repository: org.springframework.data.keyvalue.repository.KeyValueRepository
2026-09-09 17:23:37.850 [main] INFO  org.springframework.data.repository.config.RepositoryConfigurationExtensionSupport - Spring Data Redis - Could not safely identify store assignment for repository candidate interface uz.poster.integration.user.repository.UserRepository; If you want this repository to be a Redis repository, consider annotating your entities with one of these annotations: org.springframework.data.redis.core.RedisHash (preferred), or consider extending one of the following types with your repository: org.springframework.data.keyvalue.repository.KeyValueRepository
2026-09-09 17:23:37.850 [main] INFO  org.springframework.data.repository.config.RepositoryConfigurationExtensionSupport - Spring Data Redis - Could not safely identify store assignment for repository candidate interface uz.poster.integration.user.repository.UserSessionRepository; If you want this repository to be a Redis repository, consider annotating your entities with one of these annotations: org.springframework.data.redis.core.RedisHash (preferred), or consider extending one of the following types with your repository: org.springframework.data.keyvalue.repository.KeyValueRepository
2026-09-09 17:23:37.851 [main] INFO  org.springframework.data.repository.config.RepositoryConfigurationDelegate - Finished Spring Data repository scanning in 10 ms. Found 0 Redis repository interfaces.
2026-09-09 17:23:38.284 [main] INFO  org.springframework.boot.tomcat.TomcatWebServer - Tomcat initialized with port 8080 (http)
2026-09-09 17:23:38.292 [main] INFO  org.apache.coyote.http11.Http11NioProtocol - Initializing ProtocolHandler ["http-nio-8080"]
2026-09-09 17:23:38.293 [main] INFO  org.apache.catalina.core.StandardService - Starting service [Tomcat]
2026-09-09 17:23:38.293 [main] INFO  org.apache.catalina.core.StandardEngine - Starting Servlet engine: [Apache Tomcat/11.0.24]
2026-09-09 17:23:38.321 [main] INFO  org.springframework.boot.web.context.servlet.WebApplicationContextInitializer - Root WebApplicationContext: initialization completed in 1221 ms
2026-09-09 17:23:38.482 [main] INFO  org.hibernate.orm.jpa - HHH008540: Processing PersistenceUnitInfo [name: default]
2026-09-09 17:23:38.520 [main] INFO  org.hibernate.orm.core - HHH000001: Hibernate ORM core version 7.4.5.Final
2026-09-09 17:23:38.823 [main] INFO  org.springframework.orm.jpa.persistenceunit.SpringPersistenceUnitInfo - No LoadTimeWeaver setup: ignoring JPA class transformer
2026-09-09 17:23:38.846 [main] WARN  com.zaxxer.hikari.HikariConfig - HikariPool-1 - keepaliveTime is greater than or equal to maxLifetime, disabling it.
2026-09-09 17:23:38.847 [main] WARN  com.zaxxer.hikari.HikariConfig - HikariPool-1 - leakDetectionThreshold is less than 2000ms or more than maxLifetime, disabling it.
2026-09-09 17:23:38.847 [main] INFO  com.zaxxer.hikari.HikariDataSource - HikariPool-1 - Starting...
2026-09-09 17:23:39.063 [main] INFO  com.zaxxer.hikari.pool.HikariPool - HikariPool-1 - Added connection org.postgresql.jdbc.PgConnection@1de6689c
2026-09-09 17:23:39.064 [main] INFO  com.zaxxer.hikari.HikariDataSource - HikariPool-1 - Start completed.
2026-09-09 17:23:39.113 [main] INFO  org.hibernate.orm.connections.pooling - HHH10001005: Database info:
	Database JDBC URL [jdbc:postgresql://localhost:5432/poster_db]
	Database driver: PostgreSQL JDBC Driver
	Database dialect: PostgreSQLDialect
	Database version: 16.15
	Default catalog/schema: poster_db/public
	Autocommit mode: undefined/unknown
	Isolation level: READ_COMMITTED [default READ_COMMITTED]
	JDBC fetch size: none
	Pool: DataSourceConnectionProvider
	Minimum pool size: undefined/unknown
	Maximum pool size: undefined/unknown
2026-09-09 17:23:39.915 [main] INFO  org.hibernate.orm.core - HHH000489: No JTA platform available (set 'hibernate.transaction.jta.platform' to enable JTA platform integration)
2026-09-09 17:23:39.977 [main] INFO  org.springframework.orm.jpa.LocalContainerEntityManagerFactoryBean - Initialized JPA EntityManagerFactory for persistence unit 'default'
2026-09-09 17:23:40.023 [main] INFO  org.springframework.data.jpa.repository.query.QueryEnhancerFactories - Hibernate is in classpath; If applicable, HQL parser will be used.
2026-09-09 17:23:40.957 [main] WARN  org.springframework.boot.jpa.autoconfigure.JpaBaseConfiguration$JpaWebConfiguration - spring.jpa.open-in-view is enabled by default. Therefore, database queries may be performed during view rendering. Explicitly configure spring.jpa.open-in-view to disable this warning
2026-09-09 17:23:41.038 [main] INFO  org.springframework.security.config.annotation.authentication.configuration.InitializeUserDetailsBeanManagerConfigurer$InitializeUserDetailsManagerConfigurer - Global AuthenticationManager configured with UserDetailsService bean with name customUserDetailsService
2026-09-09 17:23:41.711 [main] INFO  org.springframework.boot.actuate.endpoint.web.EndpointLinksResolver - Exposing 1 endpoint beneath base path '/actuator'
2026-09-09 17:23:41.768 [main] INFO  org.apache.coyote.http11.Http11NioProtocol - Starting ProtocolHandler ["http-nio-8080"]
2026-09-09 17:23:41.775 [main] INFO  org.springframework.boot.tomcat.TomcatWebServer - Tomcat started on port 8080 (http) with context path '/'
2026-09-09 17:23:41.783 [main] INFO  uz.poster.integration.PosterIntegrationApplication - Started PosterIntegrationApplication in 5.088 seconds (process running for 5.626)
2026-09-09 17:23:41.787 [main] WARN  org.springdoc.core.events.SpringDocAppInitializer - SpringDoc /v3/api-docs endpoint is enabled by default. To disable it in production, set the property 'springdoc.api-docs.enabled=false'
2026-09-09 17:23:41.787 [main] WARN  org.springdoc.core.events.SpringDocAppInitializer - SpringDoc /swagger-ui.html endpoint is enabled by default. To disable it in production, set the property 'springdoc.swagger-ui.enabled=false'
2026-09-09 17:23:41.911 [RMI TCP Connection(3)-127.0.0.1] INFO  org.apache.catalina.core.ContainerBase.[Tomcat].[localhost].[/] - Initializing Spring DispatcherServlet 'dispatcherServlet'
2026-09-09 17:23:41.911 [RMI TCP Connection(3)-127.0.0.1] INFO  org.springframework.web.servlet.DispatcherServlet - Initializing Servlet 'dispatcherServlet'
2026-09-09 17:23:41.913 [RMI TCP Connection(3)-127.0.0.1] INFO  org.springframework.web.servlet.DispatcherServlet - Completed initialization in 2 ms
2026-09-09 17:23:46.069 [http-nio-8080-exec-2] DEBUG org.hibernate.SQL - 
    select
        us1_0."id",
        us1_0."createdAt",
        us1_0.device_id,
        us1_0.device_name,
        us1_0.expires_at,
        us1_0.ip_address,
        us1_0.last_access_at,
        us1_0.platform,
        us1_0.refresh_token_hash,
        us1_0.revoked_at,
        us1_0.status,
        us1_0."updatedAt",
        us1_0.user_id,
        us1_0.user_agent 
    from
        user_session us1_0 
    where
        us1_0."id"=? 
        and us1_0.user_id=?
2026-09-09 17:23:46.070 [http-nio-8080-exec-2] TRACE org.hibernate.orm.jdbc.bind - binding parameter (1:VARCHAR) <- [d16eb40a-e321-4866-8597-7f362665775c]
2026-09-09 17:23:46.070 [http-nio-8080-exec-2] TRACE org.hibernate.orm.jdbc.bind - binding parameter (2:VARCHAR) <- [4a49bf3c-f69e-48d5-aa7d-a12522c8e655]
2026-09-09 17:23:46.106 [http-nio-8080-exec-2] DEBUG org.hibernate.SQL - 
    select
        u1_0."id",
        u1_0.ban_reason,
        u1_0.banned_at,
        u1_0."createdAt",
        u1_0.first_name,
        u1_0.last_name,
        u1_0.phone,
        u1_0.phone_verified,
        u1_0.role,
        u1_0."updatedAt",
        u1_0.verified,
        u1_0.verified_at 
    from
        users u1_0 
    where
        u1_0."id"=?
2026-09-09 17:23:46.107 [http-nio-8080-exec-2] TRACE org.hibernate.orm.jdbc.bind - binding parameter (1:VARCHAR) <- [4a49bf3c-f69e-48d5-aa7d-a12522c8e655]
2026-09-09 17:25:33.094 [SpringApplicationShutdownHook] INFO  org.springframework.boot.tomcat.GracefulShutdown - Commencing graceful shutdown. Waiting for active requests to complete
2026-09-09 17:25:33.096 [tomcat-shutdown] INFO  org.springframework.boot.tomcat.GracefulShutdown - Graceful shutdown complete
2026-09-09 17:25:33.109 [SpringApplicationShutdownHook] INFO  org.springframework.orm.jpa.LocalContainerEntityManagerFactoryBean - Closing JPA EntityManagerFactory for persistence unit 'default'
2026-09-09 17:25:33.111 [SpringApplicationShutdownHook] INFO  com.zaxxer.hikari.HikariDataSource - HikariPool-1 - Shutdown initiated...
2026-09-09 17:25:33.112 [SpringApplicationShutdownHook] INFO  com.zaxxer.hikari.HikariDataSource - HikariPool-1 - Shutdown completed.
2026-09-09 17:25:59.948 [main] INFO  uz.poster.integration.PosterIntegrationApplication - Starting PosterIntegrationApplication using Java 21.0.10 with PID 49878 (/home/bobur/Downloads/Poster Integration/Poster-Integration/build/classes/java/main started by bobur in /home/bobur/Downloads/Poster Integration/Poster-Integration)
2026-09-09 17:25:59.950 [main] INFO  uz.poster.integration.PosterIntegrationApplication - The following 1 profile is active: "dev"
2026-09-09 17:26:00.150 [background-preinit] INFO  org.hibernate.validator.internal.util.Version - HV000001: Hibernate Validator 9.1.3.Final
2026-09-09 17:26:00.553 [main] INFO  org.springframework.data.repository.config.RepositoryConfigurationDelegate - Multiple Spring Data modules found, entering strict repository configuration mode
2026-09-09 17:26:00.554 [main] INFO  org.springframework.data.repository.config.RepositoryConfigurationDelegate - Bootstrapping Spring Data JPA repositories in DEFAULT mode.
2026-09-09 17:26:00.640 [main] INFO  org.springframework.data.repository.config.RepositoryConfigurationDelegate - Finished Spring Data repository scanning in 81 ms. Found 3 JPA repository interfaces.
2026-09-09 17:26:00.666 [main] INFO  org.springframework.data.repository.config.RepositoryConfigurationDelegate - Multiple Spring Data modules found, entering strict repository configuration mode
2026-09-09 17:26:00.667 [main] INFO  org.springframework.data.repository.config.RepositoryConfigurationDelegate - Bootstrapping Spring Data Redis repositories in DEFAULT mode.
2026-09-09 17:26:00.677 [main] INFO  org.springframework.data.repository.config.RepositoryConfigurationExtensionSupport - Spring Data Redis - Could not safely identify store assignment for repository candidate interface uz.poster.integration.notification.otp.repository.OtpMessageRepository; If you want this repository to be a Redis repository, consider annotating your entities with one of these annotations: org.springframework.data.redis.core.RedisHash (preferred), or consider extending one of the following types with your repository: org.springframework.data.keyvalue.repository.KeyValueRepository
2026-09-09 17:26:00.677 [main] INFO  org.springframework.data.repository.config.RepositoryConfigurationExtensionSupport - Spring Data Redis - Could not safely identify store assignment for repository candidate interface uz.poster.integration.user.repository.UserRepository; If you want this repository to be a Redis repository, consider annotating your entities with one of these annotations: org.springframework.data.redis.core.RedisHash (preferred), or consider extending one of the following types with your repository: org.springframework.data.keyvalue.repository.KeyValueRepository
2026-09-09 17:26:00.677 [main] INFO  org.springframework.data.repository.config.RepositoryConfigurationExtensionSupport - Spring Data Redis - Could not safely identify store assignment for repository candidate interface uz.poster.integration.user.repository.UserSessionRepository; If you want this repository to be a Redis repository, consider annotating your entities with one of these annotations: org.springframework.data.redis.core.RedisHash (preferred), or consider extending one of the following types with your repository: org.springframework.data.keyvalue.repository.KeyValueRepository
2026-09-09 17:26:00.677 [main] INFO  org.springframework.data.repository.config.RepositoryConfigurationDelegate - Finished Spring Data repository scanning in 4 ms. Found 0 Redis repository interfaces.
2026-09-09 17:26:01.057 [main] INFO  org.springframework.boot.tomcat.TomcatWebServer - Tomcat initialized with port 8080 (http)
2026-09-09 17:26:01.065 [main] INFO  org.apache.coyote.http11.Http11NioProtocol - Initializing ProtocolHandler ["http-nio-8080"]
2026-09-09 17:26:01.066 [main] INFO  org.apache.catalina.core.StandardService - Starting service [Tomcat]
2026-09-09 17:26:01.066 [main] INFO  org.apache.catalina.core.StandardEngine - Starting Servlet engine: [Apache Tomcat/11.0.24]
2026-09-09 17:26:01.092 [main] INFO  org.springframework.boot.web.context.servlet.WebApplicationContextInitializer - Root WebApplicationContext: initialization completed in 1118 ms
2026-09-09 17:26:01.234 [main] INFO  org.hibernate.orm.jpa - HHH008540: Processing PersistenceUnitInfo [name: default]
2026-09-09 17:26:01.273 [main] INFO  org.hibernate.orm.core - HHH000001: Hibernate ORM core version 7.4.5.Final
2026-09-09 17:26:01.512 [main] INFO  org.springframework.orm.jpa.persistenceunit.SpringPersistenceUnitInfo - No LoadTimeWeaver setup: ignoring JPA class transformer
2026-09-09 17:26:01.532 [main] WARN  com.zaxxer.hikari.HikariConfig - HikariPool-1 - keepaliveTime is greater than or equal to maxLifetime, disabling it.
2026-09-09 17:26:01.532 [main] WARN  com.zaxxer.hikari.HikariConfig - HikariPool-1 - leakDetectionThreshold is less than 2000ms or more than maxLifetime, disabling it.
2026-09-09 17:26:01.532 [main] INFO  com.zaxxer.hikari.HikariDataSource - HikariPool-1 - Starting...
2026-09-09 17:26:01.738 [main] INFO  com.zaxxer.hikari.pool.HikariPool - HikariPool-1 - Added connection org.postgresql.jdbc.PgConnection@7da9b32c
2026-09-09 17:26:01.739 [main] INFO  com.zaxxer.hikari.HikariDataSource - HikariPool-1 - Start completed.
2026-09-09 17:26:01.778 [main] INFO  org.hibernate.orm.connections.pooling - HHH10001005: Database info:
	Database JDBC URL [jdbc:postgresql://localhost:5432/poster_db]
	Database driver: PostgreSQL JDBC Driver
	Database dialect: PostgreSQLDialect
	Database version: 16.15
	Default catalog/schema: poster_db/public
	Autocommit mode: undefined/unknown
	Isolation level: READ_COMMITTED [default READ_COMMITTED]
	JDBC fetch size: none
	Pool: DataSourceConnectionProvider
	Minimum pool size: undefined/unknown
	Maximum pool size: undefined/unknown
2026-09-09 17:26:02.491 [main] INFO  org.hibernate.orm.core - HHH000489: No JTA platform available (set 'hibernate.transaction.jta.platform' to enable JTA platform integration)
2026-09-09 17:26:02.546 [main] INFO  org.springframework.orm.jpa.LocalContainerEntityManagerFactoryBean - Initialized JPA EntityManagerFactory for persistence unit 'default'
2026-09-09 17:26:02.590 [main] INFO  org.springframework.data.jpa.repository.query.QueryEnhancerFactories - Hibernate is in classpath; If applicable, HQL parser will be used.
2026-09-09 17:26:03.406 [main] WARN  org.springframework.boot.jpa.autoconfigure.JpaBaseConfiguration$JpaWebConfiguration - spring.jpa.open-in-view is enabled by default. Therefore, database queries may be performed during view rendering. Explicitly configure spring.jpa.open-in-view to disable this warning
2026-09-09 17:26:03.476 [main] INFO  org.springframework.security.config.annotation.authentication.configuration.InitializeUserDetailsBeanManagerConfigurer$InitializeUserDetailsManagerConfigurer - Global AuthenticationManager configured with UserDetailsService bean with name customUserDetailsService
2026-09-09 17:26:04.046 [main] INFO  org.springframework.boot.actuate.endpoint.web.EndpointLinksResolver - Exposing 1 endpoint beneath base path '/actuator'
2026-09-09 17:26:04.095 [main] INFO  org.apache.coyote.http11.Http11NioProtocol - Starting ProtocolHandler ["http-nio-8080"]
2026-09-09 17:26:04.101 [main] INFO  org.springframework.boot.tomcat.TomcatWebServer - Tomcat started on port 8080 (http) with context path '/'
2026-09-09 17:26:04.108 [main] INFO  uz.poster.integration.PosterIntegrationApplication - Started PosterIntegrationApplication in 4.45 seconds (process running for 4.808)
2026-09-09 17:26:04.112 [main] WARN  org.springdoc.core.events.SpringDocAppInitializer - SpringDoc /v3/api-docs endpoint is enabled by default. To disable it in production, set the property 'springdoc.api-docs.enabled=false'
2026-09-09 17:26:04.112 [main] WARN  org.springdoc.core.events.SpringDocAppInitializer - SpringDoc /swagger-ui.html endpoint is enabled by default. To disable it in production, set the property 'springdoc.swagger-ui.enabled=false'
2026-09-09 17:26:04.428 [RMI TCP Connection(4)-127.0.0.1] INFO  org.apache.catalina.core.ContainerBase.[Tomcat].[localhost].[/] - Initializing Spring DispatcherServlet 'dispatcherServlet'
2026-09-09 17:26:04.428 [RMI TCP Connection(4)-127.0.0.1] INFO  org.springframework.web.servlet.DispatcherServlet - Initializing Servlet 'dispatcherServlet'
2026-09-09 17:26:04.429 [RMI TCP Connection(4)-127.0.0.1] INFO  org.springframework.web.servlet.DispatcherServlet - Completed initialization in 1 ms
2026-09-09 17:26:07.377 [http-nio-8080-exec-2] DEBUG org.hibernate.SQL - 
    select
        us1_0."id",
        us1_0."createdAt",
        us1_0.device_id,
        us1_0.device_name,
        us1_0.expires_at,
        us1_0.ip_address,
        us1_0.last_access_at,
        us1_0.platform,
        us1_0.refresh_token_hash,
        us1_0.revoked_at,
        us1_0.status,
        us1_0."updatedAt",
        us1_0.user_id,
        us1_0.user_agent 
    from
        user_session us1_0 
    where
        us1_0."id"=? 
        and us1_0.user_id=?
2026-09-09 17:26:07.378 [http-nio-8080-exec-2] TRACE org.hibernate.orm.jdbc.bind - binding parameter (1:VARCHAR) <- [d16eb40a-e321-4866-8597-7f362665775c]
2026-09-09 17:26:07.378 [http-nio-8080-exec-2] TRACE org.hibernate.orm.jdbc.bind - binding parameter (2:VARCHAR) <- [4a49bf3c-f69e-48d5-aa7d-a12522c8e655]
2026-09-09 17:26:07.405 [http-nio-8080-exec-2] DEBUG org.hibernate.SQL - 
    select
        u1_0."id",
        u1_0.ban_reason,
        u1_0.banned_at,
        u1_0."createdAt",
        u1_0.first_name,
        u1_0.last_name,
        u1_0.phone,
        u1_0.phone_verified,
        u1_0.role,
        u1_0."updatedAt",
        u1_0.verified,
        u1_0.verified_at 
    from
        users u1_0 
    where
        u1_0."id"=?
2026-09-09 17:26:07.405 [http-nio-8080-exec-2] TRACE org.hibernate.orm.jdbc.bind - binding parameter (1:VARCHAR) <- [4a49bf3c-f69e-48d5-aa7d-a12522c8e655]
2026-09-09 17:28:13.277 [http-nio-8080-exec-5] INFO  uz.poster.integration.notification.otp.service.impl.OtpServiceImpl - OTP for +998935713884: 323231 (expires in 2 minutes)
2026-09-09 17:28:30.486 [http-nio-8080-exec-6] DEBUG org.hibernate.SQL - 
    select
        u1_0."id",
        u1_0.ban_reason,
        u1_0.banned_at,
        u1_0."createdAt",
        u1_0.first_name,
        u1_0.last_name,
        u1_0.phone,
        u1_0.phone_verified,
        u1_0.role,
        u1_0."updatedAt",
        u1_0.verified,
        u1_0.verified_at 
    from
        users u1_0 
    where
        u1_0.phone=?
2026-09-09 17:28:30.487 [http-nio-8080-exec-6] TRACE org.hibernate.orm.jdbc.bind - binding parameter (1:VARCHAR) <- [+998935713884]
2026-09-09 17:28:30.495 [http-nio-8080-exec-6] DEBUG org.hibernate.SQL - 
    select
        us1_0."id",
        us1_0."createdAt",
        us1_0.device_id,
        us1_0.device_name,
        us1_0.expires_at,
        us1_0.ip_address,
        us1_0.last_access_at,
        us1_0.platform,
        us1_0.refresh_token_hash,
        us1_0.revoked_at,
        us1_0.status,
        us1_0."updatedAt",
        us1_0.user_id,
        us1_0.user_agent 
    from
        user_session us1_0 
    where
        us1_0.user_id=? 
        and us1_0.device_id=?
2026-09-09 17:28:30.495 [http-nio-8080-exec-6] TRACE org.hibernate.orm.jdbc.bind - binding parameter (1:VARCHAR) <- [4a49bf3c-f69e-48d5-aa7d-a12522c8e655]
2026-09-09 17:28:30.495 [http-nio-8080-exec-6] TRACE org.hibernate.orm.jdbc.bind - binding parameter (2:VARCHAR) <- [test-device]
2026-09-09 17:28:30.523 [http-nio-8080-exec-6] DEBUG org.hibernate.SQL - 
    update
        user_session 
    set
        device_name=?,
        expires_at=?,
        ip_address=?,
        last_access_at=?,
        platform=?,
        refresh_token_hash=?,
        revoked_at=?,
        status=?,
        "updatedAt"=?,
        user_agent=? 
    where
        "id"=?
2026-09-09 17:28:30.524 [http-nio-8080-exec-6] TRACE org.hibernate.orm.jdbc.bind - binding parameter (1:VARCHAR) <- [Iphone]
2026-09-09 17:28:30.524 [http-nio-8080-exec-6] TRACE org.hibernate.orm.jdbc.bind - binding parameter (2:TIMESTAMP_UTC) <- [2108-10-29T11:22:43.507524Z]
2026-09-09 17:28:30.524 [http-nio-8080-exec-6] TRACE org.hibernate.orm.jdbc.bind - binding parameter (3:VARCHAR) <- [0:0:0:0:0:0:0:1]
2026-09-09 17:28:30.524 [http-nio-8080-exec-6] TRACE org.hibernate.orm.jdbc.bind - binding parameter (4:TIMESTAMP_UTC) <- [2026-09-09T12:28:30.512490555Z]
2026-09-09 17:28:30.524 [http-nio-8080-exec-6] TRACE org.hibernate.orm.jdbc.bind - binding parameter (5:VARCHAR) <- [IOS]
2026-09-09 17:28:30.524 [http-nio-8080-exec-6] TRACE org.hibernate.orm.jdbc.bind - binding parameter (6:VARCHAR) <- [null]
2026-09-09 17:28:30.524 [http-nio-8080-exec-6] TRACE org.hibernate.orm.jdbc.bind - binding parameter (7:TIMESTAMP_UTC) <- [null]
2026-09-09 17:28:30.524 [http-nio-8080-exec-6] TRACE org.hibernate.orm.jdbc.bind - binding parameter (8:VARCHAR) <- [ACTIVE]
2026-09-09 17:28:30.524 [http-nio-8080-exec-6] TRACE org.hibernate.orm.jdbc.bind - binding parameter (9:TIMESTAMP) <- [2026-09-09T17:28:30.518197]
2026-09-09 17:28:30.524 [http-nio-8080-exec-6] TRACE org.hibernate.orm.jdbc.bind - binding parameter (10:VARCHAR) <- [Mozilla/5.0 (X11; Linux x86_64) AppleWebKit/537.36 (KHTML, like Gecko) Chrome/151.0.0.0 Safari/537.36]
2026-09-09 17:28:30.524 [http-nio-8080-exec-6] TRACE org.hibernate.orm.jdbc.bind - binding parameter (11:VARCHAR) <- [d16eb40a-e321-4866-8597-7f362665775c]
2026-09-09 17:28:47.406 [http-nio-8080-exec-7] DEBUG org.hibernate.SQL - 
    select
        us1_0."id",
        us1_0."createdAt",
        us1_0.device_id,
        us1_0.device_name,
        us1_0.expires_at,
        us1_0.ip_address,
        us1_0.last_access_at,
        us1_0.platform,
        us1_0.refresh_token_hash,
        us1_0.revoked_at,
        us1_0.status,
        us1_0."updatedAt",
        us1_0.user_id,
        us1_0.user_agent 
    from
        user_session us1_0 
    where
        us1_0."id"=? 
        and us1_0.user_id=?
2026-09-09 17:28:47.406 [http-nio-8080-exec-7] TRACE org.hibernate.orm.jdbc.bind - binding parameter (1:VARCHAR) <- [d16eb40a-e321-4866-8597-7f362665775c]
2026-09-09 17:28:47.407 [http-nio-8080-exec-7] TRACE org.hibernate.orm.jdbc.bind - binding parameter (2:VARCHAR) <- [4a49bf3c-f69e-48d5-aa7d-a12522c8e655]
2026-09-09 17:28:47.409 [http-nio-8080-exec-7] DEBUG org.hibernate.SQL - 
    select
        u1_0."id",
        u1_0.ban_reason,
        u1_0.banned_at,
        u1_0."createdAt",
        u1_0.first_name,
        u1_0.last_name,
        u1_0.phone,
        u1_0.phone_verified,
        u1_0.role,
        u1_0."updatedAt",
        u1_0.verified,
        u1_0.verified_at 
    from
        users u1_0 
    where
        u1_0."id"=?
2026-09-09 17:28:47.409 [http-nio-8080-exec-7] TRACE org.hibernate.orm.jdbc.bind - binding parameter (1:VARCHAR) <- [4a49bf3c-f69e-48d5-aa7d-a12522c8e655]
2026-09-09 17:29:34.465 [http-nio-8080-exec-10] DEBUG org.hibernate.SQL - 
    select
        us1_0."id",
        us1_0."createdAt",
        us1_0.device_id,
        us1_0.device_name,
        us1_0.expires_at,
        us1_0.ip_address,
        us1_0.last_access_at,
        us1_0.platform,
        us1_0.refresh_token_hash,
        us1_0.revoked_at,
        us1_0.status,
        us1_0."updatedAt",
        us1_0.user_id,
        us1_0.user_agent 
    from
        user_session us1_0 
    where
        us1_0."id"=? 
        and us1_0.user_id=?
2026-09-09 17:29:34.466 [http-nio-8080-exec-10] TRACE org.hibernate.orm.jdbc.bind - binding parameter (1:VARCHAR) <- [d16eb40a-e321-4866-8597-7f362665775c]
2026-09-09 17:29:34.466 [http-nio-8080-exec-10] TRACE org.hibernate.orm.jdbc.bind - binding parameter (2:VARCHAR) <- [4a49bf3c-f69e-48d5-aa7d-a12522c8e655]
2026-09-09 17:29:34.469 [http-nio-8080-exec-10] DEBUG org.hibernate.SQL - 
    select
        u1_0."id",
        u1_0.ban_reason,
        u1_0.banned_at,
        u1_0."createdAt",
        u1_0.first_name,
        u1_0.last_name,
        u1_0.phone,
        u1_0.phone_verified,
        u1_0.role,
        u1_0."updatedAt",
        u1_0.verified,
        u1_0.verified_at 
    from
        users u1_0 
    where
        u1_0."id"=?
2026-09-09 17:29:34.469 [http-nio-8080-exec-10] TRACE org.hibernate.orm.jdbc.bind - binding parameter (1:VARCHAR) <- [4a49bf3c-f69e-48d5-aa7d-a12522c8e655]
2026-09-09 17:29:46.795 [SpringApplicationShutdownHook] INFO  org.springframework.boot.tomcat.GracefulShutdown - Commencing graceful shutdown. Waiting for active requests to complete
2026-09-09 17:29:46.796 [tomcat-shutdown] INFO  org.springframework.boot.tomcat.GracefulShutdown - Graceful shutdown complete
2026-09-09 17:29:46.808 [SpringApplicationShutdownHook] INFO  org.springframework.orm.jpa.LocalContainerEntityManagerFactoryBean - Closing JPA EntityManagerFactory for persistence unit 'default'
2026-09-09 17:29:46.809 [SpringApplicationShutdownHook] INFO  com.zaxxer.hikari.HikariDataSource - HikariPool-1 - Shutdown initiated...
2026-09-09 17:29:46.810 [SpringApplicationShutdownHook] INFO  com.zaxxer.hikari.HikariDataSource - HikariPool-1 - Shutdown completed.
2026-09-09 17:29:49.559 [main] INFO  uz.poster.integration.PosterIntegrationApplication - Starting PosterIntegrationApplication using Java 21.0.10 with PID 50231 (/home/bobur/Downloads/Poster Integration/Poster-Integration/build/classes/java/main started by bobur in /home/bobur/Downloads/Poster Integration/Poster-Integration)
2026-09-09 17:29:49.561 [main] INFO  uz.poster.integration.PosterIntegrationApplication - The following 1 profile is active: "dev"
2026-09-09 17:29:49.748 [background-preinit] INFO  org.hibernate.validator.internal.util.Version - HV000001: Hibernate Validator 9.1.3.Final
2026-09-09 17:29:50.149 [main] INFO  org.springframework.data.repository.config.RepositoryConfigurationDelegate - Multiple Spring Data modules found, entering strict repository configuration mode
2026-09-09 17:29:50.150 [main] INFO  org.springframework.data.repository.config.RepositoryConfigurationDelegate - Bootstrapping Spring Data JPA repositories in DEFAULT mode.
2026-09-09 17:29:50.234 [main] INFO  org.springframework.data.repository.config.RepositoryConfigurationDelegate - Finished Spring Data repository scanning in 78 ms. Found 3 JPA repository interfaces.
2026-09-09 17:29:50.261 [main] INFO  org.springframework.data.repository.config.RepositoryConfigurationDelegate - Multiple Spring Data modules found, entering strict repository configuration mode
2026-09-09 17:29:50.262 [main] INFO  org.springframework.data.repository.config.RepositoryConfigurationDelegate - Bootstrapping Spring Data Redis repositories in DEFAULT mode.
2026-09-09 17:29:50.272 [main] INFO  org.springframework.data.repository.config.RepositoryConfigurationExtensionSupport - Spring Data Redis - Could not safely identify store assignment for repository candidate interface uz.poster.integration.notification.otp.repository.OtpMessageRepository; If you want this repository to be a Redis repository, consider annotating your entities with one of these annotations: org.springframework.data.redis.core.RedisHash (preferred), or consider extending one of the following types with your repository: org.springframework.data.keyvalue.repository.KeyValueRepository
2026-09-09 17:29:50.272 [main] INFO  org.springframework.data.repository.config.RepositoryConfigurationExtensionSupport - Spring Data Redis - Could not safely identify store assignment for repository candidate interface uz.poster.integration.user.repository.UserRepository; If you want this repository to be a Redis repository, consider annotating your entities with one of these annotations: org.springframework.data.redis.core.RedisHash (preferred), or consider extending one of the following types with your repository: org.springframework.data.keyvalue.repository.KeyValueRepository
2026-09-09 17:29:50.273 [main] INFO  org.springframework.data.repository.config.RepositoryConfigurationExtensionSupport - Spring Data Redis - Could not safely identify store assignment for repository candidate interface uz.poster.integration.user.repository.UserSessionRepository; If you want this repository to be a Redis repository, consider annotating your entities with one of these annotations: org.springframework.data.redis.core.RedisHash (preferred), or consider extending one of the following types with your repository: org.springframework.data.keyvalue.repository.KeyValueRepository
2026-09-09 17:29:50.273 [main] INFO  org.springframework.data.repository.config.RepositoryConfigurationDelegate - Finished Spring Data repository scanning in 4 ms. Found 0 Redis repository interfaces.
2026-09-09 17:29:50.679 [main] INFO  org.springframework.boot.tomcat.TomcatWebServer - Tomcat initialized with port 8080 (http)
2026-09-09 17:29:50.686 [main] INFO  org.apache.coyote.http11.Http11NioProtocol - Initializing ProtocolHandler ["http-nio-8080"]
2026-09-09 17:29:50.687 [main] INFO  org.apache.catalina.core.StandardService - Starting service [Tomcat]
2026-09-09 17:29:50.687 [main] INFO  org.apache.catalina.core.StandardEngine - Starting Servlet engine: [Apache Tomcat/11.0.24]
2026-09-09 17:29:50.715 [main] INFO  org.springframework.boot.web.context.servlet.WebApplicationContextInitializer - Root WebApplicationContext: initialization completed in 1129 ms
2026-09-09 17:29:50.863 [main] INFO  org.hibernate.orm.jpa - HHH008540: Processing PersistenceUnitInfo [name: default]
2026-09-09 17:29:50.892 [main] INFO  org.hibernate.orm.core - HHH000001: Hibernate ORM core version 7.4.5.Final
2026-09-09 17:29:51.125 [main] INFO  org.springframework.orm.jpa.persistenceunit.SpringPersistenceUnitInfo - No LoadTimeWeaver setup: ignoring JPA class transformer
2026-09-09 17:29:51.145 [main] WARN  com.zaxxer.hikari.HikariConfig - HikariPool-1 - keepaliveTime is greater than or equal to maxLifetime, disabling it.
2026-09-09 17:29:51.146 [main] WARN  com.zaxxer.hikari.HikariConfig - HikariPool-1 - leakDetectionThreshold is less than 2000ms or more than maxLifetime, disabling it.
2026-09-09 17:29:51.146 [main] INFO  com.zaxxer.hikari.HikariDataSource - HikariPool-1 - Starting...
2026-09-09 17:29:51.351 [main] INFO  com.zaxxer.hikari.pool.HikariPool - HikariPool-1 - Added connection org.postgresql.jdbc.PgConnection@22a2e581
2026-09-09 17:29:51.352 [main] INFO  com.zaxxer.hikari.HikariDataSource - HikariPool-1 - Start completed.
2026-09-09 17:29:51.391 [main] INFO  org.hibernate.orm.connections.pooling - HHH10001005: Database info:
	Database JDBC URL [jdbc:postgresql://localhost:5432/poster_db]
	Database driver: PostgreSQL JDBC Driver
	Database dialect: PostgreSQLDialect
	Database version: 16.15
	Default catalog/schema: poster_db/public
	Autocommit mode: undefined/unknown
	Isolation level: READ_COMMITTED [default READ_COMMITTED]
	JDBC fetch size: none
	Pool: DataSourceConnectionProvider
	Minimum pool size: undefined/unknown
	Maximum pool size: undefined/unknown
2026-09-09 17:29:52.097 [main] INFO  org.hibernate.orm.core - HHH000489: No JTA platform available (set 'hibernate.transaction.jta.platform' to enable JTA platform integration)
2026-09-09 17:29:52.149 [main] INFO  org.springframework.orm.jpa.LocalContainerEntityManagerFactoryBean - Initialized JPA EntityManagerFactory for persistence unit 'default'
2026-09-09 17:29:52.195 [main] INFO  org.springframework.data.jpa.repository.query.QueryEnhancerFactories - Hibernate is in classpath; If applicable, HQL parser will be used.
2026-09-09 17:29:52.972 [main] WARN  org.springframework.boot.jpa.autoconfigure.JpaBaseConfiguration$JpaWebConfiguration - spring.jpa.open-in-view is enabled by default. Therefore, database queries may be performed during view rendering. Explicitly configure spring.jpa.open-in-view to disable this warning
2026-09-09 17:29:53.043 [main] INFO  org.springframework.security.config.annotation.authentication.configuration.InitializeUserDetailsBeanManagerConfigurer$InitializeUserDetailsManagerConfigurer - Global AuthenticationManager configured with UserDetailsService bean with name customUserDetailsService
2026-09-09 17:29:53.622 [main] INFO  org.springframework.boot.actuate.endpoint.web.EndpointLinksResolver - Exposing 1 endpoint beneath base path '/actuator'
2026-09-09 17:29:53.670 [main] INFO  org.apache.coyote.http11.Http11NioProtocol - Starting ProtocolHandler ["http-nio-8080"]
2026-09-09 17:29:53.677 [main] INFO  org.springframework.boot.tomcat.TomcatWebServer - Tomcat started on port 8080 (http) with context path '/'
2026-09-09 17:29:53.684 [main] INFO  uz.poster.integration.PosterIntegrationApplication - Started PosterIntegrationApplication in 4.44 seconds (process running for 4.822)
2026-09-09 17:29:53.687 [main] WARN  org.springdoc.core.events.SpringDocAppInitializer - SpringDoc /v3/api-docs endpoint is enabled by default. To disable it in production, set the property 'springdoc.api-docs.enabled=false'
2026-09-09 17:29:53.687 [main] WARN  org.springdoc.core.events.SpringDocAppInitializer - SpringDoc /swagger-ui.html endpoint is enabled by default. To disable it in production, set the property 'springdoc.swagger-ui.enabled=false'
2026-09-09 17:29:54.014 [RMI TCP Connection(3)-127.0.0.1] INFO  org.apache.catalina.core.ContainerBase.[Tomcat].[localhost].[/] - Initializing Spring DispatcherServlet 'dispatcherServlet'
2026-09-09 17:29:54.014 [RMI TCP Connection(3)-127.0.0.1] INFO  org.springframework.web.servlet.DispatcherServlet - Initializing Servlet 'dispatcherServlet'
2026-09-09 17:29:54.016 [RMI TCP Connection(3)-127.0.0.1] INFO  org.springframework.web.servlet.DispatcherServlet - Completed initialization in 2 ms
2026-09-09 17:30:05.152 [SpringApplicationShutdownHook] INFO  org.springframework.boot.tomcat.GracefulShutdown - Commencing graceful shutdown. Waiting for active requests to complete
2026-09-09 17:30:05.153 [tomcat-shutdown] INFO  org.springframework.boot.tomcat.GracefulShutdown - Graceful shutdown complete
2026-09-09 17:30:05.165 [SpringApplicationShutdownHook] INFO  org.springframework.orm.jpa.LocalContainerEntityManagerFactoryBean - Closing JPA EntityManagerFactory for persistence unit 'default'
2026-09-09 17:30:05.166 [SpringApplicationShutdownHook] INFO  com.zaxxer.hikari.HikariDataSource - HikariPool-1 - Shutdown initiated...
2026-09-09 17:30:05.168 [SpringApplicationShutdownHook] INFO  com.zaxxer.hikari.HikariDataSource - HikariPool-1 - Shutdown completed.
2026-09-09 17:30:07.836 [main] INFO  uz.poster.integration.PosterIntegrationApplication - Starting PosterIntegrationApplication using Java 21.0.10 with PID 50444 (/home/bobur/Downloads/Poster Integration/Poster-Integration/build/classes/java/main started by bobur in /home/bobur/Downloads/Poster Integration/Poster-Integration)
2026-09-09 17:30:07.838 [main] INFO  uz.poster.integration.PosterIntegrationApplication - The following 1 profile is active: "dev"
2026-09-09 17:30:08.022 [background-preinit] INFO  org.hibernate.validator.internal.util.Version - HV000001: Hibernate Validator 9.1.3.Final
2026-09-09 17:30:08.408 [main] INFO  org.springframework.data.repository.config.RepositoryConfigurationDelegate - Multiple Spring Data modules found, entering strict repository configuration mode
2026-09-09 17:30:08.409 [main] INFO  org.springframework.data.repository.config.RepositoryConfigurationDelegate - Bootstrapping Spring Data JPA repositories in DEFAULT mode.
2026-09-09 17:30:08.485 [main] INFO  org.springframework.data.repository.config.RepositoryConfigurationDelegate - Finished Spring Data repository scanning in 71 ms. Found 3 JPA repository interfaces.
2026-09-09 17:30:08.514 [main] INFO  org.springframework.data.repository.config.RepositoryConfigurationDelegate - Multiple Spring Data modules found, entering strict repository configuration mode
2026-09-09 17:30:08.515 [main] INFO  org.springframework.data.repository.config.RepositoryConfigurationDelegate - Bootstrapping Spring Data Redis repositories in DEFAULT mode.
2026-09-09 17:30:08.526 [main] INFO  org.springframework.data.repository.config.RepositoryConfigurationExtensionSupport - Spring Data Redis - Could not safely identify store assignment for repository candidate interface uz.poster.integration.notification.otp.repository.OtpMessageRepository; If you want this repository to be a Redis repository, consider annotating your entities with one of these annotations: org.springframework.data.redis.core.RedisHash (preferred), or consider extending one of the following types with your repository: org.springframework.data.keyvalue.repository.KeyValueRepository
2026-09-09 17:30:08.526 [main] INFO  org.springframework.data.repository.config.RepositoryConfigurationExtensionSupport - Spring Data Redis - Could not safely identify store assignment for repository candidate interface uz.poster.integration.user.repository.UserRepository; If you want this repository to be a Redis repository, consider annotating your entities with one of these annotations: org.springframework.data.redis.core.RedisHash (preferred), or consider extending one of the following types with your repository: org.springframework.data.keyvalue.repository.KeyValueRepository
2026-09-09 17:30:08.527 [main] INFO  org.springframework.data.repository.config.RepositoryConfigurationExtensionSupport - Spring Data Redis - Could not safely identify store assignment for repository candidate interface uz.poster.integration.user.repository.UserSessionRepository; If you want this repository to be a Redis repository, consider annotating your entities with one of these annotations: org.springframework.data.redis.core.RedisHash (preferred), or consider extending one of the following types with your repository: org.springframework.data.keyvalue.repository.KeyValueRepository
2026-09-09 17:30:08.527 [main] INFO  org.springframework.data.repository.config.RepositoryConfigurationDelegate - Finished Spring Data repository scanning in 5 ms. Found 0 Redis repository interfaces.
2026-09-09 17:30:08.915 [main] INFO  org.springframework.boot.tomcat.TomcatWebServer - Tomcat initialized with port 8080 (http)
2026-09-09 17:30:08.922 [main] INFO  org.apache.coyote.http11.Http11NioProtocol - Initializing ProtocolHandler ["http-nio-8080"]
2026-09-09 17:30:08.923 [main] INFO  org.apache.catalina.core.StandardService - Starting service [Tomcat]
2026-09-09 17:30:08.923 [main] INFO  org.apache.catalina.core.StandardEngine - Starting Servlet engine: [Apache Tomcat/11.0.24]
2026-09-09 17:30:08.949 [main] INFO  org.springframework.boot.web.context.servlet.WebApplicationContextInitializer - Root WebApplicationContext: initialization completed in 1088 ms
2026-09-09 17:30:09.082 [main] INFO  org.hibernate.orm.jpa - HHH008540: Processing PersistenceUnitInfo [name: default]
2026-09-09 17:30:09.111 [main] INFO  org.hibernate.orm.core - HHH000001: Hibernate ORM core version 7.4.5.Final
2026-09-09 17:30:09.351 [main] INFO  org.springframework.orm.jpa.persistenceunit.SpringPersistenceUnitInfo - No LoadTimeWeaver setup: ignoring JPA class transformer
2026-09-09 17:30:09.371 [main] WARN  com.zaxxer.hikari.HikariConfig - HikariPool-1 - keepaliveTime is greater than or equal to maxLifetime, disabling it.
2026-09-09 17:30:09.371 [main] WARN  com.zaxxer.hikari.HikariConfig - HikariPool-1 - leakDetectionThreshold is less than 2000ms or more than maxLifetime, disabling it.
2026-09-09 17:30:09.371 [main] INFO  com.zaxxer.hikari.HikariDataSource - HikariPool-1 - Starting...
2026-09-09 17:30:09.567 [main] INFO  com.zaxxer.hikari.pool.HikariPool - HikariPool-1 - Added connection org.postgresql.jdbc.PgConnection@1690929
2026-09-09 17:30:09.568 [main] INFO  com.zaxxer.hikari.HikariDataSource - HikariPool-1 - Start completed.
2026-09-09 17:30:09.614 [main] INFO  org.hibernate.orm.connections.pooling - HHH10001005: Database info:
	Database JDBC URL [jdbc:postgresql://localhost:5432/poster_db]
	Database driver: PostgreSQL JDBC Driver
	Database dialect: PostgreSQLDialect
	Database version: 16.15
	Default catalog/schema: poster_db/public
	Autocommit mode: undefined/unknown
	Isolation level: READ_COMMITTED [default READ_COMMITTED]
	JDBC fetch size: none
	Pool: DataSourceConnectionProvider
	Minimum pool size: undefined/unknown
	Maximum pool size: undefined/unknown
2026-09-09 17:30:10.389 [main] INFO  org.hibernate.orm.core - HHH000489: No JTA platform available (set 'hibernate.transaction.jta.platform' to enable JTA platform integration)
2026-09-09 17:30:10.448 [main] INFO  org.springframework.orm.jpa.LocalContainerEntityManagerFactoryBean - Initialized JPA EntityManagerFactory for persistence unit 'default'
2026-09-09 17:30:10.496 [main] INFO  org.springframework.data.jpa.repository.query.QueryEnhancerFactories - Hibernate is in classpath; If applicable, HQL parser will be used.
2026-09-09 17:30:11.326 [main] WARN  org.springframework.boot.jpa.autoconfigure.JpaBaseConfiguration$JpaWebConfiguration - spring.jpa.open-in-view is enabled by default. Therefore, database queries may be performed during view rendering. Explicitly configure spring.jpa.open-in-view to disable this warning
2026-09-09 17:30:11.401 [main] INFO  org.springframework.security.config.annotation.authentication.configuration.InitializeUserDetailsBeanManagerConfigurer$InitializeUserDetailsManagerConfigurer - Global AuthenticationManager configured with UserDetailsService bean with name customUserDetailsService
2026-09-09 17:30:12.013 [main] INFO  org.springframework.boot.actuate.endpoint.web.EndpointLinksResolver - Exposing 1 endpoint beneath base path '/actuator'
2026-09-09 17:30:12.064 [main] INFO  org.apache.coyote.http11.Http11NioProtocol - Starting ProtocolHandler ["http-nio-8080"]
2026-09-09 17:30:12.071 [main] INFO  org.springframework.boot.tomcat.TomcatWebServer - Tomcat started on port 8080 (http) with context path '/'
2026-09-09 17:30:12.077 [main] INFO  uz.poster.integration.PosterIntegrationApplication - Started PosterIntegrationApplication in 4.533 seconds (process running for 4.884)
2026-09-09 17:30:12.081 [main] WARN  org.springdoc.core.events.SpringDocAppInitializer - SpringDoc /v3/api-docs endpoint is enabled by default. To disable it in production, set the property 'springdoc.api-docs.enabled=false'
2026-09-09 17:30:12.081 [main] WARN  org.springdoc.core.events.SpringDocAppInitializer - SpringDoc /swagger-ui.html endpoint is enabled by default. To disable it in production, set the property 'springdoc.swagger-ui.enabled=false'
2026-09-09 17:30:12.331 [RMI TCP Connection(3)-127.0.0.1] INFO  org.apache.catalina.core.ContainerBase.[Tomcat].[localhost].[/] - Initializing Spring DispatcherServlet 'dispatcherServlet'
2026-09-09 17:30:12.331 [RMI TCP Connection(3)-127.0.0.1] INFO  org.springframework.web.servlet.DispatcherServlet - Initializing Servlet 'dispatcherServlet'
2026-09-09 17:30:12.333 [RMI TCP Connection(3)-127.0.0.1] INFO  org.springframework.web.servlet.DispatcherServlet - Completed initialization in 2 ms
2026-09-09 17:30:15.693 [http-nio-8080-exec-2] DEBUG org.hibernate.SQL - 
    select
        us1_0."id",
        us1_0."createdAt",
        us1_0.device_id,
        us1_0.device_name,
        us1_0.expires_at,
        us1_0.ip_address,
        us1_0.last_access_at,
        us1_0.platform,
        us1_0.refresh_token_hash,
        us1_0.revoked_at,
        us1_0.status,
        us1_0."updatedAt",
        us1_0.user_id,
        us1_0.user_agent 
    from
        user_session us1_0 
    where
        us1_0."id"=? 
        and us1_0.user_id=?
2026-09-09 17:30:15.693 [http-nio-8080-exec-2] TRACE org.hibernate.orm.jdbc.bind - binding parameter (1:VARCHAR) <- [d16eb40a-e321-4866-8597-7f362665775c]
2026-09-09 17:30:15.693 [http-nio-8080-exec-2] TRACE org.hibernate.orm.jdbc.bind - binding parameter (2:VARCHAR) <- [4a49bf3c-f69e-48d5-aa7d-a12522c8e655]
2026-09-09 17:30:15.725 [http-nio-8080-exec-2] DEBUG org.hibernate.SQL - 
    select
        u1_0."id",
        u1_0.ban_reason,
        u1_0.banned_at,
        u1_0."createdAt",
        u1_0.first_name,
        u1_0.last_name,
        u1_0.phone,
        u1_0.phone_verified,
        u1_0.role,
        u1_0."updatedAt",
        u1_0.verified,
        u1_0.verified_at 
    from
        users u1_0 
    where
        u1_0."id"=?
2026-09-09 17:30:15.725 [http-nio-8080-exec-2] TRACE org.hibernate.orm.jdbc.bind - binding parameter (1:VARCHAR) <- [4a49bf3c-f69e-48d5-aa7d-a12522c8e655]
2026-09-09 17:31:18.027 [SpringApplicationShutdownHook] INFO  org.springframework.boot.tomcat.GracefulShutdown - Commencing graceful shutdown. Waiting for active requests to complete
2026-09-09 17:31:18.028 [tomcat-shutdown] INFO  org.springframework.boot.tomcat.GracefulShutdown - Graceful shutdown complete
2026-09-09 17:31:18.042 [SpringApplicationShutdownHook] INFO  org.springframework.orm.jpa.LocalContainerEntityManagerFactoryBean - Closing JPA EntityManagerFactory for persistence unit 'default'
2026-09-09 17:31:18.044 [SpringApplicationShutdownHook] INFO  com.zaxxer.hikari.HikariDataSource - HikariPool-1 - Shutdown initiated...
2026-09-09 17:31:18.045 [SpringApplicationShutdownHook] INFO  com.zaxxer.hikari.HikariDataSource - HikariPool-1 - Shutdown completed.
2026-09-09 17:31:20.672 [main] INFO  uz.poster.integration.PosterIntegrationApplication - Starting PosterIntegrationApplication using Java 21.0.10 with PID 50705 (/home/bobur/Downloads/Poster Integration/Poster-Integration/build/classes/java/main started by bobur in /home/bobur/Downloads/Poster Integration/Poster-Integration)
2026-09-09 17:31:20.674 [main] INFO  uz.poster.integration.PosterIntegrationApplication - The following 1 profile is active: "dev"
2026-09-09 17:31:20.859 [background-preinit] INFO  org.hibernate.validator.internal.util.Version - HV000001: Hibernate Validator 9.1.3.Final
2026-09-09 17:31:21.240 [main] INFO  org.springframework.data.repository.config.RepositoryConfigurationDelegate - Multiple Spring Data modules found, entering strict repository configuration mode
2026-09-09 17:31:21.241 [main] INFO  org.springframework.data.repository.config.RepositoryConfigurationDelegate - Bootstrapping Spring Data JPA repositories in DEFAULT mode.
2026-09-09 17:31:21.318 [main] INFO  org.springframework.data.repository.config.RepositoryConfigurationDelegate - Finished Spring Data repository scanning in 71 ms. Found 3 JPA repository interfaces.
2026-09-09 17:31:21.344 [main] INFO  org.springframework.data.repository.config.RepositoryConfigurationDelegate - Multiple Spring Data modules found, entering strict repository configuration mode
2026-09-09 17:31:21.345 [main] INFO  org.springframework.data.repository.config.RepositoryConfigurationDelegate - Bootstrapping Spring Data Redis repositories in DEFAULT mode.
2026-09-09 17:31:21.354 [main] INFO  org.springframework.data.repository.config.RepositoryConfigurationExtensionSupport - Spring Data Redis - Could not safely identify store assignment for repository candidate interface uz.poster.integration.notification.otp.repository.OtpMessageRepository; If you want this repository to be a Redis repository, consider annotating your entities with one of these annotations: org.springframework.data.redis.core.RedisHash (preferred), or consider extending one of the following types with your repository: org.springframework.data.keyvalue.repository.KeyValueRepository
2026-09-09 17:31:21.355 [main] INFO  org.springframework.data.repository.config.RepositoryConfigurationExtensionSupport - Spring Data Redis - Could not safely identify store assignment for repository candidate interface uz.poster.integration.user.repository.UserRepository; If you want this repository to be a Redis repository, consider annotating your entities with one of these annotations: org.springframework.data.redis.core.RedisHash (preferred), or consider extending one of the following types with your repository: org.springframework.data.keyvalue.repository.KeyValueRepository
2026-09-09 17:31:21.355 [main] INFO  org.springframework.data.repository.config.RepositoryConfigurationExtensionSupport - Spring Data Redis - Could not safely identify store assignment for repository candidate interface uz.poster.integration.user.repository.UserSessionRepository; If you want this repository to be a Redis repository, consider annotating your entities with one of these annotations: org.springframework.data.redis.core.RedisHash (preferred), or consider extending one of the following types with your repository: org.springframework.data.keyvalue.repository.KeyValueRepository
2026-09-09 17:31:21.355 [main] INFO  org.springframework.data.repository.config.RepositoryConfigurationDelegate - Finished Spring Data repository scanning in 4 ms. Found 0 Redis repository interfaces.
2026-09-09 17:31:21.746 [main] INFO  org.springframework.boot.tomcat.TomcatWebServer - Tomcat initialized with port 8080 (http)
2026-09-09 17:31:21.753 [main] INFO  org.apache.coyote.http11.Http11NioProtocol - Initializing ProtocolHandler ["http-nio-8080"]
2026-09-09 17:31:21.754 [main] INFO  org.apache.catalina.core.StandardService - Starting service [Tomcat]
2026-09-09 17:31:21.754 [main] INFO  org.apache.catalina.core.StandardEngine - Starting Servlet engine: [Apache Tomcat/11.0.24]
2026-09-09 17:31:21.781 [main] INFO  org.springframework.boot.web.context.servlet.WebApplicationContextInitializer - Root WebApplicationContext: initialization completed in 1082 ms
2026-09-09 17:31:21.915 [main] INFO  org.hibernate.orm.jpa - HHH008540: Processing PersistenceUnitInfo [name: default]
2026-09-09 17:31:21.945 [main] INFO  org.hibernate.orm.core - HHH000001: Hibernate ORM core version 7.4.5.Final
2026-09-09 17:31:22.186 [main] INFO  org.springframework.orm.jpa.persistenceunit.SpringPersistenceUnitInfo - No LoadTimeWeaver setup: ignoring JPA class transformer
2026-09-09 17:31:22.206 [main] WARN  com.zaxxer.hikari.HikariConfig - HikariPool-1 - keepaliveTime is greater than or equal to maxLifetime, disabling it.
2026-09-09 17:31:22.207 [main] WARN  com.zaxxer.hikari.HikariConfig - HikariPool-1 - leakDetectionThreshold is less than 2000ms or more than maxLifetime, disabling it.
2026-09-09 17:31:22.207 [main] INFO  com.zaxxer.hikari.HikariDataSource - HikariPool-1 - Starting...
2026-09-09 17:31:22.414 [main] INFO  com.zaxxer.hikari.pool.HikariPool - HikariPool-1 - Added connection org.postgresql.jdbc.PgConnection@733e3c19
2026-09-09 17:31:22.415 [main] INFO  com.zaxxer.hikari.HikariDataSource - HikariPool-1 - Start completed.
2026-09-09 17:31:22.455 [main] INFO  org.hibernate.orm.connections.pooling - HHH10001005: Database info:
	Database JDBC URL [jdbc:postgresql://localhost:5432/poster_db]
	Database driver: PostgreSQL JDBC Driver
	Database dialect: PostgreSQLDialect
	Database version: 16.15
	Default catalog/schema: poster_db/public
	Autocommit mode: undefined/unknown
	Isolation level: READ_COMMITTED [default READ_COMMITTED]
	JDBC fetch size: none
	Pool: DataSourceConnectionProvider
	Minimum pool size: undefined/unknown
	Maximum pool size: undefined/unknown
2026-09-09 17:31:23.160 [main] INFO  org.hibernate.orm.core - HHH000489: No JTA platform available (set 'hibernate.transaction.jta.platform' to enable JTA platform integration)
2026-09-09 17:31:23.210 [main] INFO  org.springframework.orm.jpa.LocalContainerEntityManagerFactoryBean - Initialized JPA EntityManagerFactory for persistence unit 'default'
2026-09-09 17:31:23.257 [main] INFO  org.springframework.data.jpa.repository.query.QueryEnhancerFactories - Hibernate is in classpath; If applicable, HQL parser will be used.
2026-09-09 17:31:24.080 [main] WARN  org.springframework.boot.jpa.autoconfigure.JpaBaseConfiguration$JpaWebConfiguration - spring.jpa.open-in-view is enabled by default. Therefore, database queries may be performed during view rendering. Explicitly configure spring.jpa.open-in-view to disable this warning
2026-09-09 17:31:24.162 [main] INFO  org.springframework.security.config.annotation.authentication.configuration.InitializeUserDetailsBeanManagerConfigurer$InitializeUserDetailsManagerConfigurer - Global AuthenticationManager configured with UserDetailsService bean with name customUserDetailsService
2026-09-09 17:31:24.781 [main] INFO  org.springframework.boot.actuate.endpoint.web.EndpointLinksResolver - Exposing 1 endpoint beneath base path '/actuator'
2026-09-09 17:31:24.833 [main] INFO  org.apache.coyote.http11.Http11NioProtocol - Starting ProtocolHandler ["http-nio-8080"]
2026-09-09 17:31:24.839 [main] INFO  org.springframework.boot.tomcat.TomcatWebServer - Tomcat started on port 8080 (http) with context path '/'
2026-09-09 17:31:24.846 [main] INFO  uz.poster.integration.PosterIntegrationApplication - Started PosterIntegrationApplication in 4.474 seconds (process running for 4.835)
2026-09-09 17:31:24.850 [main] WARN  org.springdoc.core.events.SpringDocAppInitializer - SpringDoc /v3/api-docs endpoint is enabled by default. To disable it in production, set the property 'springdoc.api-docs.enabled=false'
2026-09-09 17:31:24.850 [main] WARN  org.springdoc.core.events.SpringDocAppInitializer - SpringDoc /swagger-ui.html endpoint is enabled by default. To disable it in production, set the property 'springdoc.swagger-ui.enabled=false'
2026-09-09 17:31:25.164 [RMI TCP Connection(3)-127.0.0.1] INFO  org.apache.catalina.core.ContainerBase.[Tomcat].[localhost].[/] - Initializing Spring DispatcherServlet 'dispatcherServlet'
2026-09-09 17:31:25.165 [RMI TCP Connection(3)-127.0.0.1] INFO  org.springframework.web.servlet.DispatcherServlet - Initializing Servlet 'dispatcherServlet'
2026-09-09 17:31:25.166 [RMI TCP Connection(3)-127.0.0.1] INFO  org.springframework.web.servlet.DispatcherServlet - Completed initialization in 1 ms
2026-09-09 17:31:32.615 [http-nio-8080-exec-1] DEBUG org.hibernate.SQL - 
    select
        us1_0."id",
        us1_0."createdAt",
        us1_0.device_id,
        us1_0.device_name,
        us1_0.expires_at,
        us1_0.ip_address,
        us1_0.last_access_at,
        us1_0.platform,
        us1_0.refresh_token_hash,
        us1_0.revoked_at,
        us1_0.status,
        us1_0."updatedAt",
        us1_0.user_id,
        us1_0.user_agent 
    from
        user_session us1_0 
    where
        us1_0."id"=? 
        and us1_0.user_id=?
2026-09-09 17:31:32.615 [http-nio-8080-exec-1] TRACE org.hibernate.orm.jdbc.bind - binding parameter (1:VARCHAR) <- [d16eb40a-e321-4866-8597-7f362665775c]
2026-09-09 17:31:32.615 [http-nio-8080-exec-1] TRACE org.hibernate.orm.jdbc.bind - binding parameter (2:VARCHAR) <- [4a49bf3c-f69e-48d5-aa7d-a12522c8e655]
2026-09-09 17:31:32.648 [http-nio-8080-exec-1] DEBUG org.hibernate.SQL - 
    select
        u1_0."id",
        u1_0.ban_reason,
        u1_0.banned_at,
        u1_0."createdAt",
        u1_0.first_name,
        u1_0.last_name,
        u1_0.phone,
        u1_0.phone_verified,
        u1_0.role,
        u1_0."updatedAt",
        u1_0.verified,
        u1_0.verified_at 
    from
        users u1_0 
    where
        u1_0."id"=?
2026-09-09 17:31:32.648 [http-nio-8080-exec-1] TRACE org.hibernate.orm.jdbc.bind - binding parameter (1:VARCHAR) <- [4a49bf3c-f69e-48d5-aa7d-a12522c8e655]
2026-09-09 17:32:33.779 [SpringApplicationShutdownHook] INFO  org.springframework.boot.tomcat.GracefulShutdown - Commencing graceful shutdown. Waiting for active requests to complete
2026-09-09 17:32:33.780 [tomcat-shutdown] INFO  org.springframework.boot.tomcat.GracefulShutdown - Graceful shutdown complete
2026-09-09 17:32:33.791 [SpringApplicationShutdownHook] INFO  org.springframework.orm.jpa.LocalContainerEntityManagerFactoryBean - Closing JPA EntityManagerFactory for persistence unit 'default'
2026-09-09 17:32:33.793 [SpringApplicationShutdownHook] INFO  com.zaxxer.hikari.HikariDataSource - HikariPool-1 - Shutdown initiated...
2026-09-09 17:32:33.794 [SpringApplicationShutdownHook] INFO  com.zaxxer.hikari.HikariDataSource - HikariPool-1 - Shutdown completed.
2026-09-09 17:32:35.591 [main] INFO  uz.poster.integration.PosterIntegrationApplication - Starting PosterIntegrationApplication using Java 21.0.10 with PID 50940 (/home/bobur/Downloads/Poster Integration/Poster-Integration/build/classes/java/main started by bobur in /home/bobur/Downloads/Poster Integration/Poster-Integration)
2026-09-09 17:32:35.592 [main] INFO  uz.poster.integration.PosterIntegrationApplication - The following 1 profile is active: "dev"
2026-09-09 17:32:35.789 [background-preinit] INFO  org.hibernate.validator.internal.util.Version - HV000001: Hibernate Validator 9.1.3.Final
2026-09-09 17:32:36.177 [main] INFO  org.springframework.data.repository.config.RepositoryConfigurationDelegate - Multiple Spring Data modules found, entering strict repository configuration mode
2026-09-09 17:32:36.178 [main] INFO  org.springframework.data.repository.config.RepositoryConfigurationDelegate - Bootstrapping Spring Data JPA repositories in DEFAULT mode.
2026-09-09 17:32:36.265 [main] INFO  org.springframework.data.repository.config.RepositoryConfigurationDelegate - Finished Spring Data repository scanning in 81 ms. Found 3 JPA repository interfaces.
2026-09-09 17:32:36.297 [main] INFO  org.springframework.data.repository.config.RepositoryConfigurationDelegate - Multiple Spring Data modules found, entering strict repository configuration mode
2026-09-09 17:32:36.298 [main] INFO  org.springframework.data.repository.config.RepositoryConfigurationDelegate - Bootstrapping Spring Data Redis repositories in DEFAULT mode.
2026-09-09 17:32:36.309 [main] INFO  org.springframework.data.repository.config.RepositoryConfigurationExtensionSupport - Spring Data Redis - Could not safely identify store assignment for repository candidate interface uz.poster.integration.notification.otp.repository.OtpMessageRepository; If you want this repository to be a Redis repository, consider annotating your entities with one of these annotations: org.springframework.data.redis.core.RedisHash (preferred), or consider extending one of the following types with your repository: org.springframework.data.keyvalue.repository.KeyValueRepository
2026-09-09 17:32:36.309 [main] INFO  org.springframework.data.repository.config.RepositoryConfigurationExtensionSupport - Spring Data Redis - Could not safely identify store assignment for repository candidate interface uz.poster.integration.user.repository.UserRepository; If you want this repository to be a Redis repository, consider annotating your entities with one of these annotations: org.springframework.data.redis.core.RedisHash (preferred), or consider extending one of the following types with your repository: org.springframework.data.keyvalue.repository.KeyValueRepository
2026-09-09 17:32:36.310 [main] INFO  org.springframework.data.repository.config.RepositoryConfigurationExtensionSupport - Spring Data Redis - Could not safely identify store assignment for repository candidate interface uz.poster.integration.user.repository.UserSessionRepository; If you want this repository to be a Redis repository, consider annotating your entities with one of these annotations: org.springframework.data.redis.core.RedisHash (preferred), or consider extending one of the following types with your repository: org.springframework.data.keyvalue.repository.KeyValueRepository
2026-09-09 17:32:36.310 [main] INFO  org.springframework.data.repository.config.RepositoryConfigurationDelegate - Finished Spring Data repository scanning in 5 ms. Found 0 Redis repository interfaces.
2026-09-09 17:32:36.731 [main] INFO  org.springframework.boot.tomcat.TomcatWebServer - Tomcat initialized with port 8080 (http)
2026-09-09 17:32:36.738 [main] INFO  org.apache.coyote.http11.Http11NioProtocol - Initializing ProtocolHandler ["http-nio-8080"]
2026-09-09 17:32:36.739 [main] INFO  org.apache.catalina.core.StandardService - Starting service [Tomcat]
2026-09-09 17:32:36.739 [main] INFO  org.apache.catalina.core.StandardEngine - Starting Servlet engine: [Apache Tomcat/11.0.24]
2026-09-09 17:32:36.763 [main] INFO  org.springframework.boot.web.context.servlet.WebApplicationContextInitializer - Root WebApplicationContext: initialization completed in 1147 ms
2026-09-09 17:32:36.891 [main] INFO  org.hibernate.orm.jpa - HHH008540: Processing PersistenceUnitInfo [name: default]
2026-09-09 17:32:36.919 [main] INFO  org.hibernate.orm.core - HHH000001: Hibernate ORM core version 7.4.5.Final
2026-09-09 17:32:37.157 [main] INFO  org.springframework.orm.jpa.persistenceunit.SpringPersistenceUnitInfo - No LoadTimeWeaver setup: ignoring JPA class transformer
2026-09-09 17:32:37.178 [main] WARN  com.zaxxer.hikari.HikariConfig - HikariPool-1 - keepaliveTime is greater than or equal to maxLifetime, disabling it.
2026-09-09 17:32:37.178 [main] WARN  com.zaxxer.hikari.HikariConfig - HikariPool-1 - leakDetectionThreshold is less than 2000ms or more than maxLifetime, disabling it.
2026-09-09 17:32:37.178 [main] INFO  com.zaxxer.hikari.HikariDataSource - HikariPool-1 - Starting...
2026-09-09 17:32:37.388 [main] INFO  com.zaxxer.hikari.pool.HikariPool - HikariPool-1 - Added connection org.postgresql.jdbc.PgConnection@fef2768
2026-09-09 17:32:37.389 [main] INFO  com.zaxxer.hikari.HikariDataSource - HikariPool-1 - Start completed.
2026-09-09 17:32:37.429 [main] INFO  org.hibernate.orm.connections.pooling - HHH10001005: Database info:
	Database JDBC URL [jdbc:postgresql://localhost:5432/poster_db]
	Database driver: PostgreSQL JDBC Driver
	Database dialect: PostgreSQLDialect
	Database version: 16.15
	Default catalog/schema: poster_db/public
	Autocommit mode: undefined/unknown
	Isolation level: READ_COMMITTED [default READ_COMMITTED]
	JDBC fetch size: none
	Pool: DataSourceConnectionProvider
	Minimum pool size: undefined/unknown
	Maximum pool size: undefined/unknown
2026-09-09 17:32:38.124 [main] INFO  org.hibernate.orm.core - HHH000489: No JTA platform available (set 'hibernate.transaction.jta.platform' to enable JTA platform integration)
2026-09-09 17:32:38.176 [main] INFO  org.springframework.orm.jpa.LocalContainerEntityManagerFactoryBean - Initialized JPA EntityManagerFactory for persistence unit 'default'
2026-09-09 17:32:38.221 [main] INFO  org.springframework.data.jpa.repository.query.QueryEnhancerFactories - Hibernate is in classpath; If applicable, HQL parser will be used.
2026-09-09 17:32:39.007 [main] WARN  org.springframework.boot.jpa.autoconfigure.JpaBaseConfiguration$JpaWebConfiguration - spring.jpa.open-in-view is enabled by default. Therefore, database queries may be performed during view rendering. Explicitly configure spring.jpa.open-in-view to disable this warning
2026-09-09 17:32:39.076 [main] INFO  org.springframework.security.config.annotation.authentication.configuration.InitializeUserDetailsBeanManagerConfigurer$InitializeUserDetailsManagerConfigurer - Global AuthenticationManager configured with UserDetailsService bean with name customUserDetailsService
2026-09-09 17:32:39.660 [main] INFO  org.springframework.boot.actuate.endpoint.web.EndpointLinksResolver - Exposing 1 endpoint beneath base path '/actuator'
2026-09-09 17:32:39.710 [main] INFO  org.apache.coyote.http11.Http11NioProtocol - Starting ProtocolHandler ["http-nio-8080"]
2026-09-09 17:32:39.719 [main] INFO  org.springframework.boot.tomcat.TomcatWebServer - Tomcat started on port 8080 (http) with context path '/'
2026-09-09 17:32:39.725 [main] INFO  uz.poster.integration.PosterIntegrationApplication - Started PosterIntegrationApplication in 4.438 seconds (process running for 4.794)
2026-09-09 17:32:39.729 [main] WARN  org.springdoc.core.events.SpringDocAppInitializer - SpringDoc /v3/api-docs endpoint is enabled by default. To disable it in production, set the property 'springdoc.api-docs.enabled=false'
2026-09-09 17:32:39.729 [main] WARN  org.springdoc.core.events.SpringDocAppInitializer - SpringDoc /swagger-ui.html endpoint is enabled by default. To disable it in production, set the property 'springdoc.swagger-ui.enabled=false'
2026-09-09 17:32:40.084 [RMI TCP Connection(2)-127.0.0.1] INFO  org.apache.catalina.core.ContainerBase.[Tomcat].[localhost].[/] - Initializing Spring DispatcherServlet 'dispatcherServlet'
2026-09-09 17:32:40.084 [RMI TCP Connection(2)-127.0.0.1] INFO  org.springframework.web.servlet.DispatcherServlet - Initializing Servlet 'dispatcherServlet'
2026-09-09 17:32:40.086 [RMI TCP Connection(2)-127.0.0.1] INFO  org.springframework.web.servlet.DispatcherServlet - Completed initialization in 2 ms
2026-09-09 17:32:50.124 [http-nio-8080-exec-2] DEBUG org.hibernate.SQL - 
    select
        us1_0."id",
        us1_0."createdAt",
        us1_0.device_id,
        us1_0.device_name,
        us1_0.expires_at,
        us1_0.ip_address,
        us1_0.last_access_at,
        us1_0.platform,
        us1_0.refresh_token_hash,
        us1_0.revoked_at,
        us1_0.status,
        us1_0."updatedAt",
        us1_0.user_id,
        us1_0.user_agent 
    from
        user_session us1_0 
    where
        us1_0."id"=? 
        and us1_0.user_id=?
2026-09-09 17:32:50.125 [http-nio-8080-exec-2] TRACE org.hibernate.orm.jdbc.bind - binding parameter (1:VARCHAR) <- [d16eb40a-e321-4866-8597-7f362665775c]
2026-09-09 17:32:50.125 [http-nio-8080-exec-2] TRACE org.hibernate.orm.jdbc.bind - binding parameter (2:VARCHAR) <- [4a49bf3c-f69e-48d5-aa7d-a12522c8e655]
2026-09-09 17:32:50.155 [http-nio-8080-exec-2] DEBUG org.hibernate.SQL - 
    select
        u1_0."id",
        u1_0.ban_reason,
        u1_0.banned_at,
        u1_0."createdAt",
        u1_0.first_name,
        u1_0.last_name,
        u1_0.phone,
        u1_0.phone_verified,
        u1_0.role,
        u1_0."updatedAt",
        u1_0.verified,
        u1_0.verified_at 
    from
        users u1_0 
    where
        u1_0."id"=?
2026-09-09 17:32:50.156 [http-nio-8080-exec-2] TRACE org.hibernate.orm.jdbc.bind - binding parameter (1:VARCHAR) <- [4a49bf3c-f69e-48d5-aa7d-a12522c8e655]
2026-09-09 17:33:21.311 [SpringApplicationShutdownHook] INFO  org.springframework.boot.tomcat.GracefulShutdown - Commencing graceful shutdown. Waiting for active requests to complete
2026-09-09 17:33:21.312 [tomcat-shutdown] INFO  org.springframework.boot.tomcat.GracefulShutdown - Graceful shutdown complete
2026-09-09 17:33:21.322 [SpringApplicationShutdownHook] INFO  org.springframework.orm.jpa.LocalContainerEntityManagerFactoryBean - Closing JPA EntityManagerFactory for persistence unit 'default'
2026-09-09 17:33:21.323 [SpringApplicationShutdownHook] INFO  com.zaxxer.hikari.HikariDataSource - HikariPool-1 - Shutdown initiated...
2026-09-09 17:33:21.325 [SpringApplicationShutdownHook] INFO  com.zaxxer.hikari.HikariDataSource - HikariPool-1 - Shutdown completed.
2026-09-09 17:33:23.084 [main] INFO  uz.poster.integration.PosterIntegrationApplication - Starting PosterIntegrationApplication using Java 21.0.10 with PID 51174 (/home/bobur/Downloads/Poster Integration/Poster-Integration/build/classes/java/main started by bobur in /home/bobur/Downloads/Poster Integration/Poster-Integration)
2026-09-09 17:33:23.085 [main] INFO  uz.poster.integration.PosterIntegrationApplication - The following 1 profile is active: "dev"
2026-09-09 17:33:23.263 [background-preinit] INFO  org.hibernate.validator.internal.util.Version - HV000001: Hibernate Validator 9.1.3.Final
2026-09-09 17:33:23.624 [main] INFO  org.springframework.data.repository.config.RepositoryConfigurationDelegate - Multiple Spring Data modules found, entering strict repository configuration mode
2026-09-09 17:33:23.625 [main] INFO  org.springframework.data.repository.config.RepositoryConfigurationDelegate - Bootstrapping Spring Data JPA repositories in DEFAULT mode.
2026-09-09 17:33:23.692 [main] INFO  org.springframework.data.repository.config.RepositoryConfigurationDelegate - Finished Spring Data repository scanning in 62 ms. Found 3 JPA repository interfaces.
2026-09-09 17:33:23.717 [main] INFO  org.springframework.data.repository.config.RepositoryConfigurationDelegate - Multiple Spring Data modules found, entering strict repository configuration mode
2026-09-09 17:33:23.717 [main] INFO  org.springframework.data.repository.config.RepositoryConfigurationDelegate - Bootstrapping Spring Data Redis repositories in DEFAULT mode.
2026-09-09 17:33:23.727 [main] INFO  org.springframework.data.repository.config.RepositoryConfigurationExtensionSupport - Spring Data Redis - Could not safely identify store assignment for repository candidate interface uz.poster.integration.notification.otp.repository.OtpMessageRepository; If you want this repository to be a Redis repository, consider annotating your entities with one of these annotations: org.springframework.data.redis.core.RedisHash (preferred), or consider extending one of the following types with your repository: org.springframework.data.keyvalue.repository.KeyValueRepository
2026-09-09 17:33:23.727 [main] INFO  org.springframework.data.repository.config.RepositoryConfigurationExtensionSupport - Spring Data Redis - Could not safely identify store assignment for repository candidate interface uz.poster.integration.user.repository.UserRepository; If you want this repository to be a Redis repository, consider annotating your entities with one of these annotations: org.springframework.data.redis.core.RedisHash (preferred), or consider extending one of the following types with your repository: org.springframework.data.keyvalue.repository.KeyValueRepository
2026-09-09 17:33:23.728 [main] INFO  org.springframework.data.repository.config.RepositoryConfigurationExtensionSupport - Spring Data Redis - Could not safely identify store assignment for repository candidate interface uz.poster.integration.user.repository.UserSessionRepository; If you want this repository to be a Redis repository, consider annotating your entities with one of these annotations: org.springframework.data.redis.core.RedisHash (preferred), or consider extending one of the following types with your repository: org.springframework.data.keyvalue.repository.KeyValueRepository
2026-09-09 17:33:23.728 [main] INFO  org.springframework.data.repository.config.RepositoryConfigurationDelegate - Finished Spring Data repository scanning in 4 ms. Found 0 Redis repository interfaces.
2026-09-09 17:33:24.086 [main] INFO  org.springframework.boot.tomcat.TomcatWebServer - Tomcat initialized with port 8080 (http)
2026-09-09 17:33:24.092 [main] INFO  org.apache.coyote.http11.Http11NioProtocol - Initializing ProtocolHandler ["http-nio-8080"]
2026-09-09 17:33:24.093 [main] INFO  org.apache.catalina.core.StandardService - Starting service [Tomcat]
2026-09-09 17:33:24.093 [main] INFO  org.apache.catalina.core.StandardEngine - Starting Servlet engine: [Apache Tomcat/11.0.24]
2026-09-09 17:33:24.116 [main] INFO  org.springframework.boot.web.context.servlet.WebApplicationContextInitializer - Root WebApplicationContext: initialization completed in 1005 ms
2026-09-09 17:33:24.244 [main] INFO  org.hibernate.orm.jpa - HHH008540: Processing PersistenceUnitInfo [name: default]
2026-09-09 17:33:24.269 [main] INFO  org.hibernate.orm.core - HHH000001: Hibernate ORM core version 7.4.5.Final
2026-09-09 17:33:24.486 [main] INFO  org.springframework.orm.jpa.persistenceunit.SpringPersistenceUnitInfo - No LoadTimeWeaver setup: ignoring JPA class transformer
2026-09-09 17:33:24.504 [main] WARN  com.zaxxer.hikari.HikariConfig - HikariPool-1 - keepaliveTime is greater than or equal to maxLifetime, disabling it.
2026-09-09 17:33:24.504 [main] WARN  com.zaxxer.hikari.HikariConfig - HikariPool-1 - leakDetectionThreshold is less than 2000ms or more than maxLifetime, disabling it.
2026-09-09 17:33:24.504 [main] INFO  com.zaxxer.hikari.HikariDataSource - HikariPool-1 - Starting...
2026-09-09 17:33:24.663 [main] INFO  com.zaxxer.hikari.pool.HikariPool - HikariPool-1 - Added connection org.postgresql.jdbc.PgConnection@5418893c
2026-09-09 17:33:24.664 [main] INFO  com.zaxxer.hikari.HikariDataSource - HikariPool-1 - Start completed.
2026-09-09 17:33:24.699 [main] INFO  org.hibernate.orm.connections.pooling - HHH10001005: Database info:
	Database JDBC URL [jdbc:postgresql://localhost:5432/poster_db]
	Database driver: PostgreSQL JDBC Driver
	Database dialect: PostgreSQLDialect
	Database version: 16.15
	Default catalog/schema: poster_db/public
	Autocommit mode: undefined/unknown
	Isolation level: READ_COMMITTED [default READ_COMMITTED]
	JDBC fetch size: none
	Pool: DataSourceConnectionProvider
	Minimum pool size: undefined/unknown
	Maximum pool size: undefined/unknown
2026-09-09 17:33:25.344 [main] INFO  org.hibernate.orm.core - HHH000489: No JTA platform available (set 'hibernate.transaction.jta.platform' to enable JTA platform integration)
2026-09-09 17:33:25.395 [main] INFO  org.springframework.orm.jpa.LocalContainerEntityManagerFactoryBean - Initialized JPA EntityManagerFactory for persistence unit 'default'
2026-09-09 17:33:25.440 [main] INFO  org.springframework.data.jpa.repository.query.QueryEnhancerFactories - Hibernate is in classpath; If applicable, HQL parser will be used.
2026-09-09 17:33:26.250 [main] WARN  org.springframework.boot.jpa.autoconfigure.JpaBaseConfiguration$JpaWebConfiguration - spring.jpa.open-in-view is enabled by default. Therefore, database queries may be performed during view rendering. Explicitly configure spring.jpa.open-in-view to disable this warning
2026-09-09 17:33:26.325 [main] INFO  org.springframework.security.config.annotation.authentication.configuration.InitializeUserDetailsBeanManagerConfigurer$InitializeUserDetailsManagerConfigurer - Global AuthenticationManager configured with UserDetailsService bean with name customUserDetailsService
2026-09-09 17:33:26.916 [main] INFO  org.springframework.boot.actuate.endpoint.web.EndpointLinksResolver - Exposing 1 endpoint beneath base path '/actuator'
2026-09-09 17:33:26.963 [main] INFO  org.apache.coyote.http11.Http11NioProtocol - Starting ProtocolHandler ["http-nio-8080"]
2026-09-09 17:33:26.970 [main] INFO  org.springframework.boot.tomcat.TomcatWebServer - Tomcat started on port 8080 (http) with context path '/'
2026-09-09 17:33:26.978 [main] INFO  uz.poster.integration.PosterIntegrationApplication - Started PosterIntegrationApplication in 4.188 seconds (process running for 4.56)
2026-09-09 17:33:26.982 [main] WARN  org.springdoc.core.events.SpringDocAppInitializer - SpringDoc /v3/api-docs endpoint is enabled by default. To disable it in production, set the property 'springdoc.api-docs.enabled=false'
2026-09-09 17:33:26.982 [main] WARN  org.springdoc.core.events.SpringDocAppInitializer - SpringDoc /swagger-ui.html endpoint is enabled by default. To disable it in production, set the property 'springdoc.swagger-ui.enabled=false'
2026-09-09 17:33:27.549 [RMI TCP Connection(1)-127.0.0.1] INFO  org.apache.catalina.core.ContainerBase.[Tomcat].[localhost].[/] - Initializing Spring DispatcherServlet 'dispatcherServlet'
2026-09-09 17:33:27.549 [RMI TCP Connection(1)-127.0.0.1] INFO  org.springframework.web.servlet.DispatcherServlet - Initializing Servlet 'dispatcherServlet'
2026-09-09 17:33:27.550 [RMI TCP Connection(1)-127.0.0.1] INFO  org.springframework.web.servlet.DispatcherServlet - Completed initialization in 1 ms
2026-09-09 17:33:28.178 [http-nio-8080-exec-2] DEBUG org.hibernate.SQL - 
    select
        us1_0."id",
        us1_0."createdAt",
        us1_0.device_id,
        us1_0.device_name,
        us1_0.expires_at,
        us1_0.ip_address,
        us1_0.last_access_at,
        us1_0.platform,
        us1_0.refresh_token_hash,
        us1_0.revoked_at,
        us1_0.status,
        us1_0."updatedAt",
        us1_0.user_id,
        us1_0.user_agent 
    from
        user_session us1_0 
    where
        us1_0."id"=? 
        and us1_0.user_id=?
2026-09-09 17:33:28.179 [http-nio-8080-exec-2] TRACE org.hibernate.orm.jdbc.bind - binding parameter (1:VARCHAR) <- [d16eb40a-e321-4866-8597-7f362665775c]
2026-09-09 17:33:28.179 [http-nio-8080-exec-2] TRACE org.hibernate.orm.jdbc.bind - binding parameter (2:VARCHAR) <- [4a49bf3c-f69e-48d5-aa7d-a12522c8e655]
2026-09-09 17:33:28.207 [http-nio-8080-exec-2] DEBUG org.hibernate.SQL - 
    select
        u1_0."id",
        u1_0.ban_reason,
        u1_0.banned_at,
        u1_0."createdAt",
        u1_0.first_name,
        u1_0.last_name,
        u1_0.phone,
        u1_0.phone_verified,
        u1_0.role,
        u1_0."updatedAt",
        u1_0.verified,
        u1_0.verified_at 
    from
        users u1_0 
    where
        u1_0."id"=?
2026-09-09 17:33:28.207 [http-nio-8080-exec-2] TRACE org.hibernate.orm.jdbc.bind - binding parameter (1:VARCHAR) <- [4a49bf3c-f69e-48d5-aa7d-a12522c8e655]
2026-09-09 17:34:36.127 [SpringApplicationShutdownHook] INFO  org.springframework.boot.tomcat.GracefulShutdown - Commencing graceful shutdown. Waiting for active requests to complete
2026-09-09 17:34:36.129 [tomcat-shutdown] INFO  org.springframework.boot.tomcat.GracefulShutdown - Graceful shutdown complete
2026-09-09 17:34:36.141 [SpringApplicationShutdownHook] INFO  org.springframework.orm.jpa.LocalContainerEntityManagerFactoryBean - Closing JPA EntityManagerFactory for persistence unit 'default'
2026-09-09 17:34:36.142 [SpringApplicationShutdownHook] INFO  com.zaxxer.hikari.HikariDataSource - HikariPool-1 - Shutdown initiated...
2026-09-09 17:34:36.143 [SpringApplicationShutdownHook] INFO  com.zaxxer.hikari.HikariDataSource - HikariPool-1 - Shutdown completed.
2026-09-09 17:34:38.712 [main] INFO  uz.poster.integration.PosterIntegrationApplication - Starting PosterIntegrationApplication using Java 21.0.10 with PID 51413 (/home/bobur/Downloads/Poster Integration/Poster-Integration/build/classes/java/main started by bobur in /home/bobur/Downloads/Poster Integration/Poster-Integration)
2026-09-09 17:34:38.713 [main] INFO  uz.poster.integration.PosterIntegrationApplication - The following 1 profile is active: "dev"
2026-09-09 17:34:38.901 [background-preinit] INFO  org.hibernate.validator.internal.util.Version - HV000001: Hibernate Validator 9.1.3.Final
2026-09-09 17:34:39.307 [main] INFO  org.springframework.data.repository.config.RepositoryConfigurationDelegate - Multiple Spring Data modules found, entering strict repository configuration mode
2026-09-09 17:34:39.308 [main] INFO  org.springframework.data.repository.config.RepositoryConfigurationDelegate - Bootstrapping Spring Data JPA repositories in DEFAULT mode.
2026-09-09 17:34:39.387 [main] INFO  org.springframework.data.repository.config.RepositoryConfigurationDelegate - Finished Spring Data repository scanning in 74 ms. Found 3 JPA repository interfaces.
2026-09-09 17:34:39.414 [main] INFO  org.springframework.data.repository.config.RepositoryConfigurationDelegate - Multiple Spring Data modules found, entering strict repository configuration mode
2026-09-09 17:34:39.414 [main] INFO  org.springframework.data.repository.config.RepositoryConfigurationDelegate - Bootstrapping Spring Data Redis repositories in DEFAULT mode.
2026-09-09 17:34:39.424 [main] INFO  org.springframework.data.repository.config.RepositoryConfigurationExtensionSupport - Spring Data Redis - Could not safely identify store assignment for repository candidate interface uz.poster.integration.notification.otp.repository.OtpMessageRepository; If you want this repository to be a Redis repository, consider annotating your entities with one of these annotations: org.springframework.data.redis.core.RedisHash (preferred), or consider extending one of the following types with your repository: org.springframework.data.keyvalue.repository.KeyValueRepository
2026-09-09 17:34:39.424 [main] INFO  org.springframework.data.repository.config.RepositoryConfigurationExtensionSupport - Spring Data Redis - Could not safely identify store assignment for repository candidate interface uz.poster.integration.user.repository.UserRepository; If you want this repository to be a Redis repository, consider annotating your entities with one of these annotations: org.springframework.data.redis.core.RedisHash (preferred), or consider extending one of the following types with your repository: org.springframework.data.keyvalue.repository.KeyValueRepository
2026-09-09 17:34:39.424 [main] INFO  org.springframework.data.repository.config.RepositoryConfigurationExtensionSupport - Spring Data Redis - Could not safely identify store assignment for repository candidate interface uz.poster.integration.user.repository.UserSessionRepository; If you want this repository to be a Redis repository, consider annotating your entities with one of these annotations: org.springframework.data.redis.core.RedisHash (preferred), or consider extending one of the following types with your repository: org.springframework.data.keyvalue.repository.KeyValueRepository
2026-09-09 17:34:39.424 [main] INFO  org.springframework.data.repository.config.RepositoryConfigurationDelegate - Finished Spring Data repository scanning in 4 ms. Found 0 Redis repository interfaces.
2026-09-09 17:34:39.822 [main] INFO  org.springframework.boot.tomcat.TomcatWebServer - Tomcat initialized with port 8080 (http)
2026-09-09 17:34:39.831 [main] INFO  org.apache.coyote.http11.Http11NioProtocol - Initializing ProtocolHandler ["http-nio-8080"]
2026-09-09 17:34:39.831 [main] INFO  org.apache.catalina.core.StandardService - Starting service [Tomcat]
2026-09-09 17:34:39.831 [main] INFO  org.apache.catalina.core.StandardEngine - Starting Servlet engine: [Apache Tomcat/11.0.24]
2026-09-09 17:34:39.858 [main] INFO  org.springframework.boot.web.context.servlet.WebApplicationContextInitializer - Root WebApplicationContext: initialization completed in 1120 ms
2026-09-09 17:34:39.993 [main] INFO  org.hibernate.orm.jpa - HHH008540: Processing PersistenceUnitInfo [name: default]
2026-09-09 17:34:40.023 [main] INFO  org.hibernate.orm.core - HHH000001: Hibernate ORM core version 7.4.5.Final
2026-09-09 17:34:40.262 [main] INFO  org.springframework.orm.jpa.persistenceunit.SpringPersistenceUnitInfo - No LoadTimeWeaver setup: ignoring JPA class transformer
2026-09-09 17:34:40.282 [main] WARN  com.zaxxer.hikari.HikariConfig - HikariPool-1 - keepaliveTime is greater than or equal to maxLifetime, disabling it.
2026-09-09 17:34:40.282 [main] WARN  com.zaxxer.hikari.HikariConfig - HikariPool-1 - leakDetectionThreshold is less than 2000ms or more than maxLifetime, disabling it.
2026-09-09 17:34:40.282 [main] INFO  com.zaxxer.hikari.HikariDataSource - HikariPool-1 - Starting...
2026-09-09 17:34:40.473 [main] INFO  com.zaxxer.hikari.pool.HikariPool - HikariPool-1 - Added connection org.postgresql.jdbc.PgConnection@30a1b2ad
2026-09-09 17:34:40.474 [main] INFO  com.zaxxer.hikari.HikariDataSource - HikariPool-1 - Start completed.
2026-09-09 17:34:40.515 [main] INFO  org.hibernate.orm.connections.pooling - HHH10001005: Database info:
	Database JDBC URL [jdbc:postgresql://localhost:5432/poster_db]
	Database driver: PostgreSQL JDBC Driver
	Database dialect: PostgreSQLDialect
	Database version: 16.15
	Default catalog/schema: poster_db/public
	Autocommit mode: undefined/unknown
	Isolation level: READ_COMMITTED [default READ_COMMITTED]
	JDBC fetch size: none
	Pool: DataSourceConnectionProvider
	Minimum pool size: undefined/unknown
	Maximum pool size: undefined/unknown
2026-09-09 17:34:41.215 [main] INFO  org.hibernate.orm.core - HHH000489: No JTA platform available (set 'hibernate.transaction.jta.platform' to enable JTA platform integration)
2026-09-09 17:34:41.264 [main] INFO  org.springframework.orm.jpa.LocalContainerEntityManagerFactoryBean - Initialized JPA EntityManagerFactory for persistence unit 'default'
2026-09-09 17:34:41.313 [main] INFO  org.springframework.data.jpa.repository.query.QueryEnhancerFactories - Hibernate is in classpath; If applicable, HQL parser will be used.
2026-09-09 17:34:42.122 [main] WARN  org.springframework.boot.jpa.autoconfigure.JpaBaseConfiguration$JpaWebConfiguration - spring.jpa.open-in-view is enabled by default. Therefore, database queries may be performed during view rendering. Explicitly configure spring.jpa.open-in-view to disable this warning
2026-09-09 17:34:42.194 [main] INFO  org.springframework.security.config.annotation.authentication.configuration.InitializeUserDetailsBeanManagerConfigurer$InitializeUserDetailsManagerConfigurer - Global AuthenticationManager configured with UserDetailsService bean with name customUserDetailsService
2026-09-09 17:34:42.781 [main] INFO  org.springframework.boot.actuate.endpoint.web.EndpointLinksResolver - Exposing 1 endpoint beneath base path '/actuator'
2026-09-09 17:34:42.839 [main] INFO  org.apache.coyote.http11.Http11NioProtocol - Starting ProtocolHandler ["http-nio-8080"]
2026-09-09 17:34:42.845 [main] INFO  org.springframework.boot.tomcat.TomcatWebServer - Tomcat started on port 8080 (http) with context path '/'
2026-09-09 17:34:42.851 [main] INFO  uz.poster.integration.PosterIntegrationApplication - Started PosterIntegrationApplication in 4.432 seconds (process running for 4.784)
2026-09-09 17:34:42.855 [main] WARN  org.springdoc.core.events.SpringDocAppInitializer - SpringDoc /v3/api-docs endpoint is enabled by default. To disable it in production, set the property 'springdoc.api-docs.enabled=false'
2026-09-09 17:34:42.855 [main] WARN  org.springdoc.core.events.SpringDocAppInitializer - SpringDoc /swagger-ui.html endpoint is enabled by default. To disable it in production, set the property 'springdoc.swagger-ui.enabled=false'
2026-09-09 17:34:43.203 [RMI TCP Connection(1)-127.0.0.1] INFO  org.apache.catalina.core.ContainerBase.[Tomcat].[localhost].[/] - Initializing Spring DispatcherServlet 'dispatcherServlet'
2026-09-09 17:34:43.204 [RMI TCP Connection(1)-127.0.0.1] INFO  org.springframework.web.servlet.DispatcherServlet - Initializing Servlet 'dispatcherServlet'
2026-09-09 17:34:43.205 [RMI TCP Connection(1)-127.0.0.1] INFO  org.springframework.web.servlet.DispatcherServlet - Completed initialization in 1 ms
2026-09-09 17:34:46.722 [http-nio-8080-exec-1] DEBUG org.hibernate.SQL - 
    select
        us1_0."id",
        us1_0."createdAt",
        us1_0.device_id,
        us1_0.device_name,
        us1_0.expires_at,
        us1_0.ip_address,
        us1_0.last_access_at,
        us1_0.platform,
        us1_0.refresh_token_hash,
        us1_0.revoked_at,
        us1_0.status,
        us1_0."updatedAt",
        us1_0.user_id,
        us1_0.user_agent 
    from
        user_session us1_0 
    where
        us1_0."id"=? 
        and us1_0.user_id=?
2026-09-09 17:34:46.723 [http-nio-8080-exec-1] TRACE org.hibernate.orm.jdbc.bind - binding parameter (1:VARCHAR) <- [d16eb40a-e321-4866-8597-7f362665775c]
2026-09-09 17:34:46.723 [http-nio-8080-exec-1] TRACE org.hibernate.orm.jdbc.bind - binding parameter (2:VARCHAR) <- [4a49bf3c-f69e-48d5-aa7d-a12522c8e655]
2026-09-09 17:34:46.754 [http-nio-8080-exec-1] DEBUG org.hibernate.SQL - 
    select
        u1_0."id",
        u1_0.ban_reason,
        u1_0.banned_at,
        u1_0."createdAt",
        u1_0.first_name,
        u1_0.last_name,
        u1_0.phone,
        u1_0.phone_verified,
        u1_0.role,
        u1_0."updatedAt",
        u1_0.verified,
        u1_0.verified_at 
    from
        users u1_0 
    where
        u1_0."id"=?
2026-09-09 17:34:46.754 [http-nio-8080-exec-1] TRACE org.hibernate.orm.jdbc.bind - binding parameter (1:VARCHAR) <- [4a49bf3c-f69e-48d5-aa7d-a12522c8e655]
2026-09-09 17:34:59.316 [SpringApplicationShutdownHook] INFO  org.springframework.boot.tomcat.GracefulShutdown - Commencing graceful shutdown. Waiting for active requests to complete
2026-09-09 17:34:59.317 [tomcat-shutdown] INFO  org.springframework.boot.tomcat.GracefulShutdown - Graceful shutdown complete
2026-09-09 17:34:59.327 [SpringApplicationShutdownHook] INFO  org.springframework.orm.jpa.LocalContainerEntityManagerFactoryBean - Closing JPA EntityManagerFactory for persistence unit 'default'
2026-09-09 17:34:59.328 [SpringApplicationShutdownHook] INFO  com.zaxxer.hikari.HikariDataSource - HikariPool-1 - Shutdown initiated...
2026-09-09 17:34:59.330 [SpringApplicationShutdownHook] INFO  com.zaxxer.hikari.HikariDataSource - HikariPool-1 - Shutdown completed.
2026-09-09 17:35:01.071 [main] INFO  uz.poster.integration.PosterIntegrationApplication - Starting PosterIntegrationApplication using Java 21.0.10 with PID 51626 (/home/bobur/Downloads/Poster Integration/Poster-Integration/build/classes/java/main started by bobur in /home/bobur/Downloads/Poster Integration/Poster-Integration)
2026-09-09 17:35:01.073 [main] INFO  uz.poster.integration.PosterIntegrationApplication - The following 1 profile is active: "dev"
2026-09-09 17:35:01.268 [background-preinit] INFO  org.hibernate.validator.internal.util.Version - HV000001: Hibernate Validator 9.1.3.Final
2026-09-09 17:35:01.630 [main] INFO  org.springframework.data.repository.config.RepositoryConfigurationDelegate - Multiple Spring Data modules found, entering strict repository configuration mode
2026-09-09 17:35:01.631 [main] INFO  org.springframework.data.repository.config.RepositoryConfigurationDelegate - Bootstrapping Spring Data JPA repositories in DEFAULT mode.
2026-09-09 17:35:01.696 [main] INFO  org.springframework.data.repository.config.RepositoryConfigurationDelegate - Finished Spring Data repository scanning in 61 ms. Found 3 JPA repository interfaces.
2026-09-09 17:35:01.718 [main] INFO  org.springframework.data.repository.config.RepositoryConfigurationDelegate - Multiple Spring Data modules found, entering strict repository configuration mode
2026-09-09 17:35:01.718 [main] INFO  org.springframework.data.repository.config.RepositoryConfigurationDelegate - Bootstrapping Spring Data Redis repositories in DEFAULT mode.
2026-09-09 17:35:01.727 [main] INFO  org.springframework.data.repository.config.RepositoryConfigurationExtensionSupport - Spring Data Redis - Could not safely identify store assignment for repository candidate interface uz.poster.integration.notification.otp.repository.OtpMessageRepository; If you want this repository to be a Redis repository, consider annotating your entities with one of these annotations: org.springframework.data.redis.core.RedisHash (preferred), or consider extending one of the following types with your repository: org.springframework.data.keyvalue.repository.KeyValueRepository
2026-09-09 17:35:01.727 [main] INFO  org.springframework.data.repository.config.RepositoryConfigurationExtensionSupport - Spring Data Redis - Could not safely identify store assignment for repository candidate interface uz.poster.integration.user.repository.UserRepository; If you want this repository to be a Redis repository, consider annotating your entities with one of these annotations: org.springframework.data.redis.core.RedisHash (preferred), or consider extending one of the following types with your repository: org.springframework.data.keyvalue.repository.KeyValueRepository
2026-09-09 17:35:01.727 [main] INFO  org.springframework.data.repository.config.RepositoryConfigurationExtensionSupport - Spring Data Redis - Could not safely identify store assignment for repository candidate interface uz.poster.integration.user.repository.UserSessionRepository; If you want this repository to be a Redis repository, consider annotating your entities with one of these annotations: org.springframework.data.redis.core.RedisHash (preferred), or consider extending one of the following types with your repository: org.springframework.data.keyvalue.repository.KeyValueRepository
2026-09-09 17:35:01.727 [main] INFO  org.springframework.data.repository.config.RepositoryConfigurationDelegate - Finished Spring Data repository scanning in 4 ms. Found 0 Redis repository interfaces.
2026-09-09 17:35:02.086 [main] INFO  org.springframework.boot.tomcat.TomcatWebServer - Tomcat initialized with port 8080 (http)
2026-09-09 17:35:02.093 [main] INFO  org.apache.coyote.http11.Http11NioProtocol - Initializing ProtocolHandler ["http-nio-8080"]
2026-09-09 17:35:02.094 [main] INFO  org.apache.catalina.core.StandardService - Starting service [Tomcat]
2026-09-09 17:35:02.094 [main] INFO  org.apache.catalina.core.StandardEngine - Starting Servlet engine: [Apache Tomcat/11.0.24]
2026-09-09 17:35:02.119 [main] INFO  org.springframework.boot.web.context.servlet.WebApplicationContextInitializer - Root WebApplicationContext: initialization completed in 1023 ms
2026-09-09 17:35:02.243 [main] INFO  org.hibernate.orm.jpa - HHH008540: Processing PersistenceUnitInfo [name: default]
2026-09-09 17:35:02.275 [main] INFO  org.hibernate.orm.core - HHH000001: Hibernate ORM core version 7.4.5.Final
2026-09-09 17:35:02.477 [main] INFO  org.springframework.orm.jpa.persistenceunit.SpringPersistenceUnitInfo - No LoadTimeWeaver setup: ignoring JPA class transformer
2026-09-09 17:35:02.498 [main] WARN  com.zaxxer.hikari.HikariConfig - HikariPool-1 - keepaliveTime is greater than or equal to maxLifetime, disabling it.
2026-09-09 17:35:02.498 [main] WARN  com.zaxxer.hikari.HikariConfig - HikariPool-1 - leakDetectionThreshold is less than 2000ms or more than maxLifetime, disabling it.
2026-09-09 17:35:02.498 [main] INFO  com.zaxxer.hikari.HikariDataSource - HikariPool-1 - Starting...
2026-09-09 17:35:02.675 [main] INFO  com.zaxxer.hikari.pool.HikariPool - HikariPool-1 - Added connection org.postgresql.jdbc.PgConnection@22ba30b0
2026-09-09 17:35:02.676 [main] INFO  com.zaxxer.hikari.HikariDataSource - HikariPool-1 - Start completed.
2026-09-09 17:35:02.718 [main] INFO  org.hibernate.orm.connections.pooling - HHH10001005: Database info:
	Database JDBC URL [jdbc:postgresql://localhost:5432/poster_db]
	Database driver: PostgreSQL JDBC Driver
	Database dialect: PostgreSQLDialect
	Database version: 16.15
	Default catalog/schema: poster_db/public
	Autocommit mode: undefined/unknown
	Isolation level: READ_COMMITTED [default READ_COMMITTED]
	JDBC fetch size: none
	Pool: DataSourceConnectionProvider
	Minimum pool size: undefined/unknown
	Maximum pool size: undefined/unknown
2026-09-09 17:35:03.361 [main] INFO  org.hibernate.orm.core - HHH000489: No JTA platform available (set 'hibernate.transaction.jta.platform' to enable JTA platform integration)
2026-09-09 17:35:03.410 [main] INFO  org.springframework.orm.jpa.LocalContainerEntityManagerFactoryBean - Initialized JPA EntityManagerFactory for persistence unit 'default'
2026-09-09 17:35:03.450 [main] INFO  org.springframework.data.jpa.repository.query.QueryEnhancerFactories - Hibernate is in classpath; If applicable, HQL parser will be used.
2026-09-09 17:35:04.240 [main] WARN  org.springframework.boot.jpa.autoconfigure.JpaBaseConfiguration$JpaWebConfiguration - spring.jpa.open-in-view is enabled by default. Therefore, database queries may be performed during view rendering. Explicitly configure spring.jpa.open-in-view to disable this warning
2026-09-09 17:35:04.316 [main] INFO  org.springframework.security.config.annotation.authentication.configuration.InitializeUserDetailsBeanManagerConfigurer$InitializeUserDetailsManagerConfigurer - Global AuthenticationManager configured with UserDetailsService bean with name customUserDetailsService
2026-09-09 17:35:04.928 [main] INFO  org.springframework.boot.actuate.endpoint.web.EndpointLinksResolver - Exposing 1 endpoint beneath base path '/actuator'
2026-09-09 17:35:04.974 [main] INFO  org.apache.coyote.http11.Http11NioProtocol - Starting ProtocolHandler ["http-nio-8080"]
2026-09-09 17:35:04.980 [main] INFO  org.springframework.boot.tomcat.TomcatWebServer - Tomcat started on port 8080 (http) with context path '/'
2026-09-09 17:35:04.987 [main] INFO  uz.poster.integration.PosterIntegrationApplication - Started PosterIntegrationApplication in 4.205 seconds (process running for 4.544)
2026-09-09 17:35:04.991 [main] WARN  org.springdoc.core.events.SpringDocAppInitializer - SpringDoc /v3/api-docs endpoint is enabled by default. To disable it in production, set the property 'springdoc.api-docs.enabled=false'
2026-09-09 17:35:04.991 [main] WARN  org.springdoc.core.events.SpringDocAppInitializer - SpringDoc /swagger-ui.html endpoint is enabled by default. To disable it in production, set the property 'springdoc.swagger-ui.enabled=false'
2026-09-09 17:35:05.088 [RMI TCP Connection(2)-127.0.0.1] INFO  org.apache.catalina.core.ContainerBase.[Tomcat].[localhost].[/] - Initializing Spring DispatcherServlet 'dispatcherServlet'
2026-09-09 17:35:05.089 [RMI TCP Connection(2)-127.0.0.1] INFO  org.springframework.web.servlet.DispatcherServlet - Initializing Servlet 'dispatcherServlet'
2026-09-09 17:35:05.090 [RMI TCP Connection(2)-127.0.0.1] INFO  org.springframework.web.servlet.DispatcherServlet - Completed initialization in 1 ms
2026-09-09 17:35:07.624 [http-nio-8080-exec-2] DEBUG org.hibernate.SQL - 
    select
        us1_0."id",
        us1_0."createdAt",
        us1_0.device_id,
        us1_0.device_name,
        us1_0.expires_at,
        us1_0.ip_address,
        us1_0.last_access_at,
        us1_0.platform,
        us1_0.refresh_token_hash,
        us1_0.revoked_at,
        us1_0.status,
        us1_0."updatedAt",
        us1_0.user_id,
        us1_0.user_agent 
    from
        user_session us1_0 
    where
        us1_0."id"=? 
        and us1_0.user_id=?
2026-09-09 17:35:07.624 [http-nio-8080-exec-2] TRACE org.hibernate.orm.jdbc.bind - binding parameter (1:VARCHAR) <- [d16eb40a-e321-4866-8597-7f362665775c]
2026-09-09 17:35:07.625 [http-nio-8080-exec-2] TRACE org.hibernate.orm.jdbc.bind - binding parameter (2:VARCHAR) <- [4a49bf3c-f69e-48d5-aa7d-a12522c8e655]
2026-09-09 17:35:07.656 [http-nio-8080-exec-2] DEBUG org.hibernate.SQL - 
    select
        u1_0."id",
        u1_0.ban_reason,
        u1_0.banned_at,
        u1_0."createdAt",
        u1_0.first_name,
        u1_0.last_name,
        u1_0.phone,
        u1_0.phone_verified,
        u1_0.role,
        u1_0."updatedAt",
        u1_0.verified,
        u1_0.verified_at 
    from
        users u1_0 
    where
        u1_0."id"=?
2026-09-09 17:35:07.656 [http-nio-8080-exec-2] TRACE org.hibernate.orm.jdbc.bind - binding parameter (1:VARCHAR) <- [4a49bf3c-f69e-48d5-aa7d-a12522c8e655]
2026-09-09 17:38:18.382 [SpringApplicationShutdownHook] INFO  org.springframework.boot.tomcat.GracefulShutdown - Commencing graceful shutdown. Waiting for active requests to complete
2026-09-09 17:38:18.384 [tomcat-shutdown] INFO  org.springframework.boot.tomcat.GracefulShutdown - Graceful shutdown complete
2026-09-09 17:38:18.395 [SpringApplicationShutdownHook] INFO  org.springframework.orm.jpa.LocalContainerEntityManagerFactoryBean - Closing JPA EntityManagerFactory for persistence unit 'default'
2026-09-09 17:38:18.397 [SpringApplicationShutdownHook] INFO  com.zaxxer.hikari.HikariDataSource - HikariPool-1 - Shutdown initiated...
2026-09-09 17:38:18.398 [SpringApplicationShutdownHook] INFO  com.zaxxer.hikari.HikariDataSource - HikariPool-1 - Shutdown completed.
2026-09-09 17:38:20.243 [main] INFO  uz.poster.integration.PosterIntegrationApplication - Starting PosterIntegrationApplication using Java 21.0.10 with PID 51984 (/home/bobur/Downloads/Poster Integration/Poster-Integration/build/classes/java/main started by bobur in /home/bobur/Downloads/Poster Integration/Poster-Integration)
2026-09-09 17:38:20.244 [main] INFO  uz.poster.integration.PosterIntegrationApplication - The following 1 profile is active: "dev"
2026-09-09 17:38:20.438 [background-preinit] INFO  org.hibernate.validator.internal.util.Version - HV000001: Hibernate Validator 9.1.3.Final
2026-09-09 17:38:20.798 [main] INFO  org.springframework.data.repository.config.RepositoryConfigurationDelegate - Multiple Spring Data modules found, entering strict repository configuration mode
2026-09-09 17:38:20.799 [main] INFO  org.springframework.data.repository.config.RepositoryConfigurationDelegate - Bootstrapping Spring Data JPA repositories in DEFAULT mode.
2026-09-09 17:38:20.877 [main] INFO  org.springframework.data.repository.config.RepositoryConfigurationDelegate - Finished Spring Data repository scanning in 72 ms. Found 3 JPA repository interfaces.
2026-09-09 17:38:20.901 [main] INFO  org.springframework.data.repository.config.RepositoryConfigurationDelegate - Multiple Spring Data modules found, entering strict repository configuration mode
2026-09-09 17:38:20.902 [main] INFO  org.springframework.data.repository.config.RepositoryConfigurationDelegate - Bootstrapping Spring Data Redis repositories in DEFAULT mode.
2026-09-09 17:38:20.910 [main] INFO  org.springframework.data.repository.config.RepositoryConfigurationExtensionSupport - Spring Data Redis - Could not safely identify store assignment for repository candidate interface uz.poster.integration.notification.otp.repository.OtpMessageRepository; If you want this repository to be a Redis repository, consider annotating your entities with one of these annotations: org.springframework.data.redis.core.RedisHash (preferred), or consider extending one of the following types with your repository: org.springframework.data.keyvalue.repository.KeyValueRepository
2026-09-09 17:38:20.911 [main] INFO  org.springframework.data.repository.config.RepositoryConfigurationExtensionSupport - Spring Data Redis - Could not safely identify store assignment for repository candidate interface uz.poster.integration.user.repository.UserRepository; If you want this repository to be a Redis repository, consider annotating your entities with one of these annotations: org.springframework.data.redis.core.RedisHash (preferred), or consider extending one of the following types with your repository: org.springframework.data.keyvalue.repository.KeyValueRepository
2026-09-09 17:38:20.911 [main] INFO  org.springframework.data.repository.config.RepositoryConfigurationExtensionSupport - Spring Data Redis - Could not safely identify store assignment for repository candidate interface uz.poster.integration.user.repository.UserSessionRepository; If you want this repository to be a Redis repository, consider annotating your entities with one of these annotations: org.springframework.data.redis.core.RedisHash (preferred), or consider extending one of the following types with your repository: org.springframework.data.keyvalue.repository.KeyValueRepository
2026-09-09 17:38:20.911 [main] INFO  org.springframework.data.repository.config.RepositoryConfigurationDelegate - Finished Spring Data repository scanning in 4 ms. Found 0 Redis repository interfaces.
2026-09-09 17:38:21.299 [main] INFO  org.springframework.boot.tomcat.TomcatWebServer - Tomcat initialized with port 8080 (http)
2026-09-09 17:38:21.307 [main] INFO  org.apache.coyote.http11.Http11NioProtocol - Initializing ProtocolHandler ["http-nio-8080"]
2026-09-09 17:38:21.308 [main] INFO  org.apache.catalina.core.StandardService - Starting service [Tomcat]
2026-09-09 17:38:21.308 [main] INFO  org.apache.catalina.core.StandardEngine - Starting Servlet engine: [Apache Tomcat/11.0.24]
2026-09-09 17:38:21.335 [main] INFO  org.springframework.boot.web.context.servlet.WebApplicationContextInitializer - Root WebApplicationContext: initialization completed in 1067 ms
2026-09-09 17:38:21.472 [main] INFO  org.hibernate.orm.jpa - HHH008540: Processing PersistenceUnitInfo [name: default]
2026-09-09 17:38:21.502 [main] INFO  org.hibernate.orm.core - HHH000001: Hibernate ORM core version 7.4.5.Final
2026-09-09 17:38:21.732 [main] INFO  org.springframework.orm.jpa.persistenceunit.SpringPersistenceUnitInfo - No LoadTimeWeaver setup: ignoring JPA class transformer
2026-09-09 17:38:21.754 [main] WARN  com.zaxxer.hikari.HikariConfig - HikariPool-1 - keepaliveTime is greater than or equal to maxLifetime, disabling it.
2026-09-09 17:38:21.754 [main] WARN  com.zaxxer.hikari.HikariConfig - HikariPool-1 - leakDetectionThreshold is less than 2000ms or more than maxLifetime, disabling it.
2026-09-09 17:38:21.754 [main] INFO  com.zaxxer.hikari.HikariDataSource - HikariPool-1 - Starting...
2026-09-09 17:38:21.939 [main] INFO  com.zaxxer.hikari.pool.HikariPool - HikariPool-1 - Added connection org.postgresql.jdbc.PgConnection@5418893c
2026-09-09 17:38:21.940 [main] INFO  com.zaxxer.hikari.HikariDataSource - HikariPool-1 - Start completed.
2026-09-09 17:38:21.980 [main] INFO  org.hibernate.orm.connections.pooling - HHH10001005: Database info:
	Database JDBC URL [jdbc:postgresql://localhost:5432/poster_db]
	Database driver: PostgreSQL JDBC Driver
	Database dialect: PostgreSQLDialect
	Database version: 16.15
	Default catalog/schema: poster_db/public
	Autocommit mode: undefined/unknown
	Isolation level: READ_COMMITTED [default READ_COMMITTED]
	JDBC fetch size: none
	Pool: DataSourceConnectionProvider
	Minimum pool size: undefined/unknown
	Maximum pool size: undefined/unknown
2026-09-09 17:38:22.666 [main] INFO  org.hibernate.orm.core - HHH000489: No JTA platform available (set 'hibernate.transaction.jta.platform' to enable JTA platform integration)
2026-09-09 17:38:22.717 [main] INFO  org.springframework.orm.jpa.LocalContainerEntityManagerFactoryBean - Initialized JPA EntityManagerFactory for persistence unit 'default'
2026-09-09 17:38:22.761 [main] INFO  org.springframework.data.jpa.repository.query.QueryEnhancerFactories - Hibernate is in classpath; If applicable, HQL parser will be used.
2026-09-09 17:38:23.536 [main] WARN  org.springframework.boot.jpa.autoconfigure.JpaBaseConfiguration$JpaWebConfiguration - spring.jpa.open-in-view is enabled by default. Therefore, database queries may be performed during view rendering. Explicitly configure spring.jpa.open-in-view to disable this warning
2026-09-09 17:38:23.615 [main] INFO  org.springframework.security.config.annotation.authentication.configuration.InitializeUserDetailsBeanManagerConfigurer$InitializeUserDetailsManagerConfigurer - Global AuthenticationManager configured with UserDetailsService bean with name customUserDetailsService
2026-09-09 17:38:24.194 [main] INFO  org.springframework.boot.actuate.endpoint.web.EndpointLinksResolver - Exposing 1 endpoint beneath base path '/actuator'
2026-09-09 17:38:24.244 [main] INFO  org.apache.coyote.http11.Http11NioProtocol - Starting ProtocolHandler ["http-nio-8080"]
2026-09-09 17:38:24.251 [main] INFO  org.springframework.boot.tomcat.TomcatWebServer - Tomcat started on port 8080 (http) with context path '/'
2026-09-09 17:38:24.258 [main] INFO  uz.poster.integration.PosterIntegrationApplication - Started PosterIntegrationApplication in 4.314 seconds (process running for 4.672)
2026-09-09 17:38:24.261 [main] WARN  org.springdoc.core.events.SpringDocAppInitializer - SpringDoc /v3/api-docs endpoint is enabled by default. To disable it in production, set the property 'springdoc.api-docs.enabled=false'
2026-09-09 17:38:24.261 [main] WARN  org.springdoc.core.events.SpringDocAppInitializer - SpringDoc /swagger-ui.html endpoint is enabled by default. To disable it in production, set the property 'springdoc.swagger-ui.enabled=false'
2026-09-09 17:38:24.745 [RMI TCP Connection(3)-127.0.0.1] INFO  org.apache.catalina.core.ContainerBase.[Tomcat].[localhost].[/] - Initializing Spring DispatcherServlet 'dispatcherServlet'
2026-09-09 17:38:24.745 [RMI TCP Connection(3)-127.0.0.1] INFO  org.springframework.web.servlet.DispatcherServlet - Initializing Servlet 'dispatcherServlet'
2026-09-09 17:38:24.747 [RMI TCP Connection(3)-127.0.0.1] INFO  org.springframework.web.servlet.DispatcherServlet - Completed initialization in 1 ms
2026-09-09 17:38:31.564 [http-nio-8080-exec-2] DEBUG org.hibernate.SQL - 
    select
        us1_0."id",
        us1_0."createdAt",
        us1_0.device_id,
        us1_0.device_name,
        us1_0.expires_at,
        us1_0.ip_address,
        us1_0.last_access_at,
        us1_0.platform,
        us1_0.refresh_token_hash,
        us1_0.revoked_at,
        us1_0.status,
        us1_0."updatedAt",
        us1_0.user_id,
        us1_0.user_agent 
    from
        user_session us1_0 
    where
        us1_0."id"=? 
        and us1_0.user_id=?
2026-09-09 17:38:31.564 [http-nio-8080-exec-2] TRACE org.hibernate.orm.jdbc.bind - binding parameter (1:VARCHAR) <- [d16eb40a-e321-4866-8597-7f362665775c]
2026-09-09 17:38:31.564 [http-nio-8080-exec-2] TRACE org.hibernate.orm.jdbc.bind - binding parameter (2:VARCHAR) <- [4a49bf3c-f69e-48d5-aa7d-a12522c8e655]
2026-09-09 17:38:31.592 [http-nio-8080-exec-2] DEBUG org.hibernate.SQL - 
    select
        u1_0."id",
        u1_0.ban_reason,
        u1_0.banned_at,
        u1_0."createdAt",
        u1_0.first_name,
        u1_0.last_name,
        u1_0.phone,
        u1_0.phone_verified,
        u1_0.role,
        u1_0."updatedAt",
        u1_0.verified,
        u1_0.verified_at 
    from
        users u1_0 
    where
        u1_0."id"=?
2026-09-09 17:38:31.593 [http-nio-8080-exec-2] TRACE org.hibernate.orm.jdbc.bind - binding parameter (1:VARCHAR) <- [4a49bf3c-f69e-48d5-aa7d-a12522c8e655]
2026-09-09 17:39:06.086 [http-nio-8080-exec-3] INFO  uz.poster.integration.notification.otp.service.impl.OtpServiceImpl - OTP for +998935713884: 305296 (expires in 2 minutes)
2026-09-09 17:39:15.540 [http-nio-8080-exec-4] DEBUG org.hibernate.SQL - 
    select
        u1_0."id",
        u1_0.ban_reason,
        u1_0.banned_at,
        u1_0."createdAt",
        u1_0.first_name,
        u1_0.last_name,
        u1_0.phone,
        u1_0.phone_verified,
        u1_0.role,
        u1_0."updatedAt",
        u1_0.verified,
        u1_0.verified_at 
    from
        users u1_0 
    where
        u1_0.phone=?
2026-09-09 17:39:15.541 [http-nio-8080-exec-4] TRACE org.hibernate.orm.jdbc.bind - binding parameter (1:VARCHAR) <- [+998935713884]
2026-09-09 17:39:15.547 [http-nio-8080-exec-4] DEBUG org.hibernate.SQL - 
    select
        us1_0."id",
        us1_0."createdAt",
        us1_0.device_id,
        us1_0.device_name,
        us1_0.expires_at,
        us1_0.ip_address,
        us1_0.last_access_at,
        us1_0.platform,
        us1_0.refresh_token_hash,
        us1_0.revoked_at,
        us1_0.status,
        us1_0."updatedAt",
        us1_0.user_id,
        us1_0.user_agent 
    from
        user_session us1_0 
    where
        us1_0.user_id=? 
        and us1_0.device_id=?
2026-09-09 17:39:15.548 [http-nio-8080-exec-4] TRACE org.hibernate.orm.jdbc.bind - binding parameter (1:VARCHAR) <- [4a49bf3c-f69e-48d5-aa7d-a12522c8e655]
2026-09-09 17:39:15.548 [http-nio-8080-exec-4] TRACE org.hibernate.orm.jdbc.bind - binding parameter (2:VARCHAR) <- [test-device]
2026-09-09 17:39:15.571 [http-nio-8080-exec-4] DEBUG org.hibernate.SQL - 
    update
        user_session 
    set
        device_name=?,
        expires_at=?,
        ip_address=?,
        last_access_at=?,
        platform=?,
        refresh_token_hash=?,
        revoked_at=?,
        status=?,
        "updatedAt"=?,
        user_agent=? 
    where
        "id"=?
2026-09-09 17:39:15.572 [http-nio-8080-exec-4] TRACE org.hibernate.orm.jdbc.bind - binding parameter (1:VARCHAR) <- [Iphone]
2026-09-09 17:39:15.572 [http-nio-8080-exec-4] TRACE org.hibernate.orm.jdbc.bind - binding parameter (2:TIMESTAMP_UTC) <- [2108-10-29T11:22:43.507524Z]
2026-09-09 17:39:15.572 [http-nio-8080-exec-4] TRACE org.hibernate.orm.jdbc.bind - binding parameter (3:VARCHAR) <- [0:0:0:0:0:0:0:1]
2026-09-09 17:39:15.572 [http-nio-8080-exec-4] TRACE org.hibernate.orm.jdbc.bind - binding parameter (4:TIMESTAMP_UTC) <- [2026-09-09T12:39:15.562188872Z]
2026-09-09 17:39:15.572 [http-nio-8080-exec-4] TRACE org.hibernate.orm.jdbc.bind - binding parameter (5:VARCHAR) <- [IOS]
2026-09-09 17:39:15.572 [http-nio-8080-exec-4] TRACE org.hibernate.orm.jdbc.bind - binding parameter (6:VARCHAR) <- [null]
2026-09-09 17:39:15.573 [http-nio-8080-exec-4] TRACE org.hibernate.orm.jdbc.bind - binding parameter (7:TIMESTAMP_UTC) <- [null]
2026-09-09 17:39:15.573 [http-nio-8080-exec-4] TRACE org.hibernate.orm.jdbc.bind - binding parameter (8:VARCHAR) <- [ACTIVE]
2026-09-09 17:39:15.573 [http-nio-8080-exec-4] TRACE org.hibernate.orm.jdbc.bind - binding parameter (9:TIMESTAMP) <- [2026-09-09T17:39:15.567267]
2026-09-09 17:39:15.573 [http-nio-8080-exec-4] TRACE org.hibernate.orm.jdbc.bind - binding parameter (10:VARCHAR) <- [Mozilla/5.0 (X11; Linux x86_64) AppleWebKit/537.36 (KHTML, like Gecko) Chrome/151.0.0.0 Safari/537.36]
2026-09-09 17:39:15.573 [http-nio-8080-exec-4] TRACE org.hibernate.orm.jdbc.bind - binding parameter (11:VARCHAR) <- [d16eb40a-e321-4866-8597-7f362665775c]
2026-09-09 17:39:26.401 [http-nio-8080-exec-5] INFO  org.springdoc.api.AbstractOpenApiResource - Init duration for springdoc-openapi is: 118 ms
2026-09-09 17:39:32.172 [http-nio-8080-exec-6] DEBUG org.hibernate.SQL - 
    select
        us1_0."id",
        us1_0."createdAt",
        us1_0.device_id,
        us1_0.device_name,
        us1_0.expires_at,
        us1_0.ip_address,
        us1_0.last_access_at,
        us1_0.platform,
        us1_0.refresh_token_hash,
        us1_0.revoked_at,
        us1_0.status,
        us1_0."updatedAt",
        us1_0.user_id,
        us1_0.user_agent 
    from
        user_session us1_0 
    where
        us1_0."id"=? 
        and us1_0.user_id=?
2026-09-09 17:39:32.172 [http-nio-8080-exec-6] TRACE org.hibernate.orm.jdbc.bind - binding parameter (1:VARCHAR) <- [d16eb40a-e321-4866-8597-7f362665775c]
2026-09-09 17:39:32.172 [http-nio-8080-exec-6] TRACE org.hibernate.orm.jdbc.bind - binding parameter (2:VARCHAR) <- [4a49bf3c-f69e-48d5-aa7d-a12522c8e655]
2026-09-09 17:39:32.175 [http-nio-8080-exec-6] DEBUG org.hibernate.SQL - 
    select
        u1_0."id",
        u1_0.ban_reason,
        u1_0.banned_at,
        u1_0."createdAt",
        u1_0.first_name,
        u1_0.last_name,
        u1_0.phone,
        u1_0.phone_verified,
        u1_0.role,
        u1_0."updatedAt",
        u1_0.verified,
        u1_0.verified_at 
    from
        users u1_0 
    where
        u1_0."id"=?
2026-09-09 17:39:32.175 [http-nio-8080-exec-6] TRACE org.hibernate.orm.jdbc.bind - binding parameter (1:VARCHAR) <- [4a49bf3c-f69e-48d5-aa7d-a12522c8e655]
2026-09-09 17:42:46.194 [http-nio-8080-exec-7] DEBUG org.hibernate.SQL - 
    select
        us1_0."id",
        us1_0."createdAt",
        us1_0.device_id,
        us1_0.device_name,
        us1_0.expires_at,
        us1_0.ip_address,
        us1_0.last_access_at,
        us1_0.platform,
        us1_0.refresh_token_hash,
        us1_0.revoked_at,
        us1_0.status,
        us1_0."updatedAt",
        us1_0.user_id,
        us1_0.user_agent 
    from
        user_session us1_0 
    where
        us1_0."id"=? 
        and us1_0.user_id=?
2026-09-09 17:42:46.195 [http-nio-8080-exec-7] TRACE org.hibernate.orm.jdbc.bind - binding parameter (1:VARCHAR) <- [d16eb40a-e321-4866-8597-7f362665775c]
2026-09-09 17:42:46.195 [http-nio-8080-exec-7] TRACE org.hibernate.orm.jdbc.bind - binding parameter (2:VARCHAR) <- [4a49bf3c-f69e-48d5-aa7d-a12522c8e655]
2026-09-09 17:42:46.198 [http-nio-8080-exec-7] DEBUG org.hibernate.SQL - 
    select
        u1_0."id",
        u1_0.ban_reason,
        u1_0.banned_at,
        u1_0."createdAt",
        u1_0.first_name,
        u1_0.last_name,
        u1_0.phone,
        u1_0.phone_verified,
        u1_0.role,
        u1_0."updatedAt",
        u1_0.verified,
        u1_0.verified_at 
    from
        users u1_0 
    where
        u1_0."id"=?
2026-09-09 17:42:46.198 [http-nio-8080-exec-7] TRACE org.hibernate.orm.jdbc.bind - binding parameter (1:VARCHAR) <- [4a49bf3c-f69e-48d5-aa7d-a12522c8e655]
2026-09-09 17:42:58.565 [http-nio-8080-exec-8] DEBUG org.hibernate.SQL - 
    select
        us1_0."id",
        us1_0."createdAt",
        us1_0.device_id,
        us1_0.device_name,
        us1_0.expires_at,
        us1_0.ip_address,
        us1_0.last_access_at,
        us1_0.platform,
        us1_0.refresh_token_hash,
        us1_0.revoked_at,
        us1_0.status,
        us1_0."updatedAt",
        us1_0.user_id,
        us1_0.user_agent 
    from
        user_session us1_0 
    where
        us1_0."id"=? 
        and us1_0.user_id=?
2026-09-09 17:42:58.565 [http-nio-8080-exec-8] TRACE org.hibernate.orm.jdbc.bind - binding parameter (1:VARCHAR) <- [d16eb40a-e321-4866-8597-7f362665775c]
2026-09-09 17:42:58.566 [http-nio-8080-exec-8] TRACE org.hibernate.orm.jdbc.bind - binding parameter (2:VARCHAR) <- [4a49bf3c-f69e-48d5-aa7d-a12522c8e655]
2026-09-09 17:42:58.568 [http-nio-8080-exec-8] DEBUG org.hibernate.SQL - 
    select
        u1_0."id",
        u1_0.ban_reason,
        u1_0.banned_at,
        u1_0."createdAt",
        u1_0.first_name,
        u1_0.last_name,
        u1_0.phone,
        u1_0.phone_verified,
        u1_0.role,
        u1_0."updatedAt",
        u1_0.verified,
        u1_0.verified_at 
    from
        users u1_0 
    where
        u1_0."id"=?
2026-09-09 17:42:58.568 [http-nio-8080-exec-8] TRACE org.hibernate.orm.jdbc.bind - binding parameter (1:VARCHAR) <- [4a49bf3c-f69e-48d5-aa7d-a12522c8e655]
2026-09-09 17:44:08.642 [http-nio-8080-exec-1] INFO  org.springdoc.api.AbstractOpenApiResource - Init duration for springdoc-openapi is: 49 ms
2026-09-09 17:44:21.202 [http-nio-8080-exec-2] DEBUG org.hibernate.SQL - 
    select
        us1_0."id",
        us1_0."createdAt",
        us1_0.device_id,
        us1_0.device_name,
        us1_0.expires_at,
        us1_0.ip_address,
        us1_0.last_access_at,
        us1_0.platform,
        us1_0.refresh_token_hash,
        us1_0.revoked_at,
        us1_0.status,
        us1_0."updatedAt",
        us1_0.user_id,
        us1_0.user_agent 
    from
        user_session us1_0 
    where
        us1_0."id"=? 
        and us1_0.user_id=?
2026-09-09 17:44:21.202 [http-nio-8080-exec-2] TRACE org.hibernate.orm.jdbc.bind - binding parameter (1:VARCHAR) <- [d16eb40a-e321-4866-8597-7f362665775c]
2026-09-09 17:44:21.202 [http-nio-8080-exec-2] TRACE org.hibernate.orm.jdbc.bind - binding parameter (2:VARCHAR) <- [4a49bf3c-f69e-48d5-aa7d-a12522c8e655]
2026-09-09 17:44:21.204 [http-nio-8080-exec-2] DEBUG org.hibernate.SQL - 
    select
        u1_0."id",
        u1_0.ban_reason,
        u1_0.banned_at,
        u1_0."createdAt",
        u1_0.first_name,
        u1_0.last_name,
        u1_0.phone,
        u1_0.phone_verified,
        u1_0.role,
        u1_0."updatedAt",
        u1_0.verified,
        u1_0.verified_at 
    from
        users u1_0 
    where
        u1_0."id"=?
2026-09-09 17:44:21.204 [http-nio-8080-exec-2] TRACE org.hibernate.orm.jdbc.bind - binding parameter (1:VARCHAR) <- [4a49bf3c-f69e-48d5-aa7d-a12522c8e655]
2026-09-09 17:45:08.722 [SpringApplicationShutdownHook] INFO  org.springframework.boot.tomcat.GracefulShutdown - Commencing graceful shutdown. Waiting for active requests to complete
2026-09-09 17:45:43.296 [main] INFO  uz.poster.integration.PosterIntegrationApplication - Starting PosterIntegrationApplication using Java 21.0.10 with PID 52625 (/home/bobur/Downloads/Poster Integration/Poster-Integration/build/classes/java/main started by bobur in /home/bobur/Downloads/Poster Integration/Poster-Integration)
2026-09-09 17:45:43.298 [main] INFO  uz.poster.integration.PosterIntegrationApplication - The following 1 profile is active: "dev"
2026-09-09 17:45:43.495 [background-preinit] INFO  org.hibernate.validator.internal.util.Version - HV000001: Hibernate Validator 9.1.3.Final
2026-09-09 17:45:43.846 [main] INFO  org.springframework.data.repository.config.RepositoryConfigurationDelegate - Multiple Spring Data modules found, entering strict repository configuration mode
2026-09-09 17:45:43.847 [main] INFO  org.springframework.data.repository.config.RepositoryConfigurationDelegate - Bootstrapping Spring Data JPA repositories in DEFAULT mode.
2026-09-09 17:45:43.917 [main] INFO  org.springframework.data.repository.config.RepositoryConfigurationDelegate - Finished Spring Data repository scanning in 65 ms. Found 3 JPA repository interfaces.
2026-09-09 17:45:43.942 [main] INFO  org.springframework.data.repository.config.RepositoryConfigurationDelegate - Multiple Spring Data modules found, entering strict repository configuration mode
2026-09-09 17:45:43.943 [main] INFO  org.springframework.data.repository.config.RepositoryConfigurationDelegate - Bootstrapping Spring Data Redis repositories in DEFAULT mode.
2026-09-09 17:45:43.952 [main] INFO  org.springframework.data.repository.config.RepositoryConfigurationExtensionSupport - Spring Data Redis - Could not safely identify store assignment for repository candidate interface uz.poster.integration.notification.otp.repository.OtpMessageRepository; If you want this repository to be a Redis repository, consider annotating your entities with one of these annotations: org.springframework.data.redis.core.RedisHash (preferred), or consider extending one of the following types with your repository: org.springframework.data.keyvalue.repository.KeyValueRepository
2026-09-09 17:45:43.952 [main] INFO  org.springframework.data.repository.config.RepositoryConfigurationExtensionSupport - Spring Data Redis - Could not safely identify store assignment for repository candidate interface uz.poster.integration.user.repository.UserRepository; If you want this repository to be a Redis repository, consider annotating your entities with one of these annotations: org.springframework.data.redis.core.RedisHash (preferred), or consider extending one of the following types with your repository: org.springframework.data.keyvalue.repository.KeyValueRepository
2026-09-09 17:45:43.952 [main] INFO  org.springframework.data.repository.config.RepositoryConfigurationExtensionSupport - Spring Data Redis - Could not safely identify store assignment for repository candidate interface uz.poster.integration.user.repository.UserSessionRepository; If you want this repository to be a Redis repository, consider annotating your entities with one of these annotations: org.springframework.data.redis.core.RedisHash (preferred), or consider extending one of the following types with your repository: org.springframework.data.keyvalue.repository.KeyValueRepository
2026-09-09 17:45:43.952 [main] INFO  org.springframework.data.repository.config.RepositoryConfigurationDelegate - Finished Spring Data repository scanning in 4 ms. Found 0 Redis repository interfaces.
2026-09-09 17:45:44.322 [main] INFO  org.springframework.boot.tomcat.TomcatWebServer - Tomcat initialized with port 8080 (http)
2026-09-09 17:45:44.330 [main] INFO  org.apache.coyote.http11.Http11NioProtocol - Initializing ProtocolHandler ["http-nio-8080"]
2026-09-09 17:45:44.331 [main] INFO  org.apache.catalina.core.StandardService - Starting service [Tomcat]
2026-09-09 17:45:44.331 [main] INFO  org.apache.catalina.core.StandardEngine - Starting Servlet engine: [Apache Tomcat/11.0.24]
2026-09-09 17:45:44.355 [main] INFO  org.springframework.boot.web.context.servlet.WebApplicationContextInitializer - Root WebApplicationContext: initialization completed in 1033 ms
2026-09-09 17:45:44.486 [main] INFO  org.hibernate.orm.jpa - HHH008540: Processing PersistenceUnitInfo [name: default]
2026-09-09 17:45:44.513 [main] INFO  org.hibernate.orm.core - HHH000001: Hibernate ORM core version 7.4.5.Final
2026-09-09 17:45:44.729 [main] INFO  org.springframework.orm.jpa.persistenceunit.SpringPersistenceUnitInfo - No LoadTimeWeaver setup: ignoring JPA class transformer
2026-09-09 17:45:44.751 [main] WARN  com.zaxxer.hikari.HikariConfig - HikariPool-1 - keepaliveTime is greater than or equal to maxLifetime, disabling it.
2026-09-09 17:45:44.751 [main] WARN  com.zaxxer.hikari.HikariConfig - HikariPool-1 - leakDetectionThreshold is less than 2000ms or more than maxLifetime, disabling it.
2026-09-09 17:45:44.751 [main] INFO  com.zaxxer.hikari.HikariDataSource - HikariPool-1 - Starting...
2026-09-09 17:45:44.940 [main] INFO  com.zaxxer.hikari.pool.HikariPool - HikariPool-1 - Added connection org.postgresql.jdbc.PgConnection@5418893c
2026-09-09 17:45:44.941 [main] INFO  com.zaxxer.hikari.HikariDataSource - HikariPool-1 - Start completed.
2026-09-09 17:45:44.980 [main] INFO  org.hibernate.orm.connections.pooling - HHH10001005: Database info:
	Database JDBC URL [jdbc:postgresql://localhost:5432/poster_db]
	Database driver: PostgreSQL JDBC Driver
	Database dialect: PostgreSQLDialect
	Database version: 16.15
	Default catalog/schema: poster_db/public
	Autocommit mode: undefined/unknown
	Isolation level: READ_COMMITTED [default READ_COMMITTED]
	JDBC fetch size: none
	Pool: DataSourceConnectionProvider
	Minimum pool size: undefined/unknown
	Maximum pool size: undefined/unknown
2026-09-09 17:45:45.647 [main] INFO  org.hibernate.orm.core - HHH000489: No JTA platform available (set 'hibernate.transaction.jta.platform' to enable JTA platform integration)
2026-09-09 17:45:45.699 [main] INFO  org.springframework.orm.jpa.LocalContainerEntityManagerFactoryBean - Initialized JPA EntityManagerFactory for persistence unit 'default'
2026-09-09 17:45:45.744 [main] INFO  org.springframework.data.jpa.repository.query.QueryEnhancerFactories - Hibernate is in classpath; If applicable, HQL parser will be used.
2026-09-09 17:45:46.549 [main] WARN  org.springframework.boot.jpa.autoconfigure.JpaBaseConfiguration$JpaWebConfiguration - spring.jpa.open-in-view is enabled by default. Therefore, database queries may be performed during view rendering. Explicitly configure spring.jpa.open-in-view to disable this warning
2026-09-09 17:45:46.637 [main] INFO  org.springframework.security.config.annotation.authentication.configuration.InitializeUserDetailsBeanManagerConfigurer$InitializeUserDetailsManagerConfigurer - Global AuthenticationManager configured with UserDetailsService bean with name customUserDetailsService
2026-09-09 17:45:47.220 [main] INFO  org.springframework.boot.actuate.endpoint.web.EndpointLinksResolver - Exposing 1 endpoint beneath base path '/actuator'
2026-09-09 17:45:47.270 [main] INFO  org.apache.coyote.http11.Http11NioProtocol - Starting ProtocolHandler ["http-nio-8080"]
2026-09-09 17:45:47.276 [main] INFO  org.springframework.boot.tomcat.TomcatWebServer - Tomcat started on port 8080 (http) with context path '/'
2026-09-09 17:45:47.283 [main] INFO  uz.poster.integration.PosterIntegrationApplication - Started PosterIntegrationApplication in 4.272 seconds (process running for 4.673)
2026-09-09 17:45:47.286 [main] WARN  org.springdoc.core.events.SpringDocAppInitializer - SpringDoc /v3/api-docs endpoint is enabled by default. To disable it in production, set the property 'springdoc.api-docs.enabled=false'
2026-09-09 17:45:47.286 [main] WARN  org.springdoc.core.events.SpringDocAppInitializer - SpringDoc /swagger-ui.html endpoint is enabled by default. To disable it in production, set the property 'springdoc.swagger-ui.enabled=false'
2026-09-09 17:45:47.470 [http-nio-8080-exec-1] INFO  org.apache.catalina.core.ContainerBase.[Tomcat].[localhost].[/] - Initializing Spring DispatcherServlet 'dispatcherServlet'
2026-09-09 17:45:47.470 [http-nio-8080-exec-1] INFO  org.springframework.web.servlet.DispatcherServlet - Initializing Servlet 'dispatcherServlet'
2026-09-09 17:45:47.471 [http-nio-8080-exec-1] INFO  org.springframework.web.servlet.DispatcherServlet - Completed initialization in 1 ms
2026-09-09 17:45:47.848 [http-nio-8080-exec-9] INFO  org.springdoc.api.AbstractOpenApiResource - Init duration for springdoc-openapi is: 168 ms
2026-09-09 17:46:00.194 [http-nio-8080-exec-1] DEBUG org.hibernate.SQL - 
    select
        us1_0."id",
        us1_0."createdAt",
        us1_0.device_id,
        us1_0.device_name,
        us1_0.expires_at,
        us1_0.ip_address,
        us1_0.last_access_at,
        us1_0.platform,
        us1_0.refresh_token_hash,
        us1_0.revoked_at,
        us1_0.status,
        us1_0."updatedAt",
        us1_0.user_id,
        us1_0.user_agent 
    from
        user_session us1_0 
    where
        us1_0."id"=? 
        and us1_0.user_id=?
2026-09-09 17:46:00.195 [http-nio-8080-exec-1] TRACE org.hibernate.orm.jdbc.bind - binding parameter (1:VARCHAR) <- [d16eb40a-e321-4866-8597-7f362665775c]
2026-09-09 17:46:00.195 [http-nio-8080-exec-1] TRACE org.hibernate.orm.jdbc.bind - binding parameter (2:VARCHAR) <- [4a49bf3c-f69e-48d5-aa7d-a12522c8e655]
2026-09-09 17:46:00.237 [http-nio-8080-exec-1] DEBUG org.hibernate.SQL - 
    select
        u1_0."id",
        u1_0.ban_reason,
        u1_0.banned_at,
        u1_0."createdAt",
        u1_0.first_name,
        u1_0.last_name,
        u1_0.phone,
        u1_0.phone_verified,
        u1_0.role,
        u1_0."updatedAt",
        u1_0.verified,
        u1_0.verified_at 
    from
        users u1_0 
    where
        u1_0."id"=?
2026-09-09 17:46:00.237 [http-nio-8080-exec-1] TRACE org.hibernate.orm.jdbc.bind - binding parameter (1:VARCHAR) <- [4a49bf3c-f69e-48d5-aa7d-a12522c8e655]
2026-09-09 17:47:24.238 [SpringApplicationShutdownHook] INFO  org.springframework.boot.tomcat.GracefulShutdown - Commencing graceful shutdown. Waiting for active requests to complete
2026-09-09 17:47:24.239 [tomcat-shutdown] INFO  org.springframework.boot.tomcat.GracefulShutdown - Graceful shutdown complete
2026-09-09 17:47:24.250 [SpringApplicationShutdownHook] INFO  org.springframework.orm.jpa.LocalContainerEntityManagerFactoryBean - Closing JPA EntityManagerFactory for persistence unit 'default'
2026-09-09 17:47:24.251 [SpringApplicationShutdownHook] INFO  com.zaxxer.hikari.HikariDataSource - HikariPool-1 - Shutdown initiated...
2026-09-09 17:47:24.252 [SpringApplicationShutdownHook] INFO  com.zaxxer.hikari.HikariDataSource - HikariPool-1 - Shutdown completed.
2026-09-09 17:47:26.072 [main] INFO  uz.poster.integration.PosterIntegrationApplication - Starting PosterIntegrationApplication using Java 21.0.10 with PID 52901 (/home/bobur/Downloads/Poster Integration/Poster-Integration/build/classes/java/main started by bobur in /home/bobur/Downloads/Poster Integration/Poster-Integration)
2026-09-09 17:47:26.074 [main] INFO  uz.poster.integration.PosterIntegrationApplication - The following 1 profile is active: "dev"
2026-09-09 17:47:26.255 [background-preinit] INFO  org.hibernate.validator.internal.util.Version - HV000001: Hibernate Validator 9.1.3.Final
2026-09-09 17:47:26.632 [main] INFO  org.springframework.data.repository.config.RepositoryConfigurationDelegate - Multiple Spring Data modules found, entering strict repository configuration mode
2026-09-09 17:47:26.633 [main] INFO  org.springframework.data.repository.config.RepositoryConfigurationDelegate - Bootstrapping Spring Data JPA repositories in DEFAULT mode.
2026-09-09 17:47:26.703 [main] INFO  org.springframework.data.repository.config.RepositoryConfigurationDelegate - Finished Spring Data repository scanning in 65 ms. Found 3 JPA repository interfaces.
2026-09-09 17:47:26.729 [main] INFO  org.springframework.data.repository.config.RepositoryConfigurationDelegate - Multiple Spring Data modules found, entering strict repository configuration mode
2026-09-09 17:47:26.730 [main] INFO  org.springframework.data.repository.config.RepositoryConfigurationDelegate - Bootstrapping Spring Data Redis repositories in DEFAULT mode.
2026-09-09 17:47:26.739 [main] INFO  org.springframework.data.repository.config.RepositoryConfigurationExtensionSupport - Spring Data Redis - Could not safely identify store assignment for repository candidate interface uz.poster.integration.notification.otp.repository.OtpMessageRepository; If you want this repository to be a Redis repository, consider annotating your entities with one of these annotations: org.springframework.data.redis.core.RedisHash (preferred), or consider extending one of the following types with your repository: org.springframework.data.keyvalue.repository.KeyValueRepository
2026-09-09 17:47:26.739 [main] INFO  org.springframework.data.repository.config.RepositoryConfigurationExtensionSupport - Spring Data Redis - Could not safely identify store assignment for repository candidate interface uz.poster.integration.user.repository.UserRepository; If you want this repository to be a Redis repository, consider annotating your entities with one of these annotations: org.springframework.data.redis.core.RedisHash (preferred), or consider extending one of the following types with your repository: org.springframework.data.keyvalue.repository.KeyValueRepository
2026-09-09 17:47:26.739 [main] INFO  org.springframework.data.repository.config.RepositoryConfigurationExtensionSupport - Spring Data Redis - Could not safely identify store assignment for repository candidate interface uz.poster.integration.user.repository.UserSessionRepository; If you want this repository to be a Redis repository, consider annotating your entities with one of these annotations: org.springframework.data.redis.core.RedisHash (preferred), or consider extending one of the following types with your repository: org.springframework.data.keyvalue.repository.KeyValueRepository
2026-09-09 17:47:26.739 [main] INFO  org.springframework.data.repository.config.RepositoryConfigurationDelegate - Finished Spring Data repository scanning in 4 ms. Found 0 Redis repository interfaces.
2026-09-09 17:47:27.117 [main] INFO  org.springframework.boot.tomcat.TomcatWebServer - Tomcat initialized with port 8080 (http)
2026-09-09 17:47:27.124 [main] INFO  org.apache.coyote.http11.Http11NioProtocol - Initializing ProtocolHandler ["http-nio-8080"]
2026-09-09 17:47:27.125 [main] INFO  org.apache.catalina.core.StandardService - Starting service [Tomcat]
2026-09-09 17:47:27.125 [main] INFO  org.apache.catalina.core.StandardEngine - Starting Servlet engine: [Apache Tomcat/11.0.24]
2026-09-09 17:47:27.153 [main] INFO  org.springframework.boot.web.context.servlet.WebApplicationContextInitializer - Root WebApplicationContext: initialization completed in 1054 ms
2026-09-09 17:47:27.284 [main] INFO  org.hibernate.orm.jpa - HHH008540: Processing PersistenceUnitInfo [name: default]
2026-09-09 17:47:27.312 [main] INFO  org.hibernate.orm.core - HHH000001: Hibernate ORM core version 7.4.5.Final
2026-09-09 17:47:27.536 [main] INFO  org.springframework.orm.jpa.persistenceunit.SpringPersistenceUnitInfo - No LoadTimeWeaver setup: ignoring JPA class transformer
2026-09-09 17:47:27.554 [main] WARN  com.zaxxer.hikari.HikariConfig - HikariPool-1 - keepaliveTime is greater than or equal to maxLifetime, disabling it.
2026-09-09 17:47:27.554 [main] WARN  com.zaxxer.hikari.HikariConfig - HikariPool-1 - leakDetectionThreshold is less than 2000ms or more than maxLifetime, disabling it.
2026-09-09 17:47:27.554 [main] INFO  com.zaxxer.hikari.HikariDataSource - HikariPool-1 - Starting...
2026-09-09 17:47:27.736 [main] INFO  com.zaxxer.hikari.pool.HikariPool - HikariPool-1 - Added connection org.postgresql.jdbc.PgConnection@30a1b2ad
2026-09-09 17:47:27.737 [main] INFO  com.zaxxer.hikari.HikariDataSource - HikariPool-1 - Start completed.
2026-09-09 17:47:27.777 [main] INFO  org.hibernate.orm.connections.pooling - HHH10001005: Database info:
	Database JDBC URL [jdbc:postgresql://localhost:5432/poster_db]
	Database driver: PostgreSQL JDBC Driver
	Database dialect: PostgreSQLDialect
	Database version: 16.15
	Default catalog/schema: poster_db/public
	Autocommit mode: undefined/unknown
	Isolation level: READ_COMMITTED [default READ_COMMITTED]
	JDBC fetch size: none
	Pool: DataSourceConnectionProvider
	Minimum pool size: undefined/unknown
	Maximum pool size: undefined/unknown
2026-09-09 17:47:28.473 [main] INFO  org.hibernate.orm.core - HHH000489: No JTA platform available (set 'hibernate.transaction.jta.platform' to enable JTA platform integration)
2026-09-09 17:47:28.522 [main] INFO  org.springframework.orm.jpa.LocalContainerEntityManagerFactoryBean - Initialized JPA EntityManagerFactory for persistence unit 'default'
2026-09-09 17:47:28.566 [main] INFO  org.springframework.data.jpa.repository.query.QueryEnhancerFactories - Hibernate is in classpath; If applicable, HQL parser will be used.
2026-09-09 17:47:29.363 [main] WARN  org.springframework.boot.jpa.autoconfigure.JpaBaseConfiguration$JpaWebConfiguration - spring.jpa.open-in-view is enabled by default. Therefore, database queries may be performed during view rendering. Explicitly configure spring.jpa.open-in-view to disable this warning
2026-09-09 17:47:29.442 [main] INFO  org.springframework.security.config.annotation.authentication.configuration.InitializeUserDetailsBeanManagerConfigurer$InitializeUserDetailsManagerConfigurer - Global AuthenticationManager configured with UserDetailsService bean with name customUserDetailsService
2026-09-09 17:47:30.044 [main] INFO  org.springframework.boot.actuate.endpoint.web.EndpointLinksResolver - Exposing 1 endpoint beneath base path '/actuator'
2026-09-09 17:47:30.095 [main] INFO  org.apache.coyote.http11.Http11NioProtocol - Starting ProtocolHandler ["http-nio-8080"]
2026-09-09 17:47:30.103 [main] INFO  org.springframework.boot.tomcat.TomcatWebServer - Tomcat started on port 8080 (http) with context path '/'
2026-09-09 17:47:30.112 [main] INFO  uz.poster.integration.PosterIntegrationApplication - Started PosterIntegrationApplication in 4.336 seconds (process running for 4.686)
2026-09-09 17:47:30.122 [main] WARN  org.springdoc.core.events.SpringDocAppInitializer - SpringDoc /v3/api-docs endpoint is enabled by default. To disable it in production, set the property 'springdoc.api-docs.enabled=false'
2026-09-09 17:47:30.122 [main] WARN  org.springdoc.core.events.SpringDocAppInitializer - SpringDoc /swagger-ui.html endpoint is enabled by default. To disable it in production, set the property 'springdoc.swagger-ui.enabled=false'
2026-09-09 17:47:30.589 [RMI TCP Connection(4)-127.0.0.1] INFO  org.apache.catalina.core.ContainerBase.[Tomcat].[localhost].[/] - Initializing Spring DispatcherServlet 'dispatcherServlet'
2026-09-09 17:47:30.589 [RMI TCP Connection(4)-127.0.0.1] INFO  org.springframework.web.servlet.DispatcherServlet - Initializing Servlet 'dispatcherServlet'
2026-09-09 17:47:30.591 [RMI TCP Connection(4)-127.0.0.1] INFO  org.springframework.web.servlet.DispatcherServlet - Completed initialization in 2 ms
2026-09-09 17:47:33.789 [http-nio-8080-exec-1] DEBUG org.hibernate.SQL - 
    select
        us1_0."id",
        us1_0."createdAt",
        us1_0.device_id,
        us1_0.device_name,
        us1_0.expires_at,
        us1_0.ip_address,
        us1_0.last_access_at,
        us1_0.platform,
        us1_0.refresh_token_hash,
        us1_0.revoked_at,
        us1_0.status,
        us1_0."updatedAt",
        us1_0.user_id,
        us1_0.user_agent 
    from
        user_session us1_0 
    where
        us1_0."id"=? 
        and us1_0.user_id=?
2026-09-09 17:47:33.789 [http-nio-8080-exec-1] TRACE org.hibernate.orm.jdbc.bind - binding parameter (1:VARCHAR) <- [d16eb40a-e321-4866-8597-7f362665775c]
2026-09-09 17:47:33.789 [http-nio-8080-exec-1] TRACE org.hibernate.orm.jdbc.bind - binding parameter (2:VARCHAR) <- [4a49bf3c-f69e-48d5-aa7d-a12522c8e655]
2026-09-09 17:47:33.820 [http-nio-8080-exec-1] DEBUG org.hibernate.SQL - 
    select
        u1_0."id",
        u1_0.ban_reason,
        u1_0.banned_at,
        u1_0."createdAt",
        u1_0.first_name,
        u1_0.last_name,
        u1_0.phone,
        u1_0.phone_verified,
        u1_0.role,
        u1_0."updatedAt",
        u1_0.verified,
        u1_0.verified_at 
    from
        users u1_0 
    where
        u1_0."id"=?
2026-09-09 17:47:33.820 [http-nio-8080-exec-1] TRACE org.hibernate.orm.jdbc.bind - binding parameter (1:VARCHAR) <- [4a49bf3c-f69e-48d5-aa7d-a12522c8e655]
2026-09-09 17:54:06.466 [SpringApplicationShutdownHook] INFO  org.springframework.boot.tomcat.GracefulShutdown - Commencing graceful shutdown. Waiting for active requests to complete
2026-09-09 17:54:06.468 [tomcat-shutdown] INFO  org.springframework.boot.tomcat.GracefulShutdown - Graceful shutdown complete
2026-09-09 17:54:06.483 [SpringApplicationShutdownHook] INFO  org.springframework.orm.jpa.LocalContainerEntityManagerFactoryBean - Closing JPA EntityManagerFactory for persistence unit 'default'
2026-09-09 17:54:06.485 [SpringApplicationShutdownHook] INFO  com.zaxxer.hikari.HikariDataSource - HikariPool-1 - Shutdown initiated...
2026-09-09 17:54:06.486 [SpringApplicationShutdownHook] INFO  com.zaxxer.hikari.HikariDataSource - HikariPool-1 - Shutdown completed.
